"CEI","Nom","Prénom","Poste","District","Compétence","Validité","Obsolescence"
"Goulaine","ARMENGAUD","JASON","agent d'exploitation","District 44","QUAPODES","19/03/2031","Durable"
"Goulaine","ARMENGAUD","JASON","agent d'exploitation","District 44","MTS _ Module théorique de Sécurité","17/03/2031","Durable"
"Goulaine","ARMENGAUD","JASON","agent d'exploitation","District 44",NA,NA,NA
"Goulaine","AURAY","EMMANUEL","chef.fe d'équipe","District 44","Engins de service hivernal _ ACES","31/01/2029","Durable"
"Goulaine","AURAY","EMMANUEL","chef.fe d'équipe","District 44","Bennes amovibles _ ACES","30/11/2033","Durable"
"Goulaine","AURAY","EMMANUEL","chef.fe d'équipe","District 44","Chargeuses, chargeuses-pelleteuses _ ACES","16/09/2032","Durable"
"Goulaine","AURAY","EMMANUEL","chef.fe d'équipe","District 44","Tronçonnage","20/03/2031","Durable"
"Goulaine","AURAY","EMMANUEL","chef.fe d'équipe","District 44","QUAPODES","03/07/2030","Durable"
"Goulaine","AURAY","EMMANUEL","chef.fe d'équipe","District 44","MTS _ Module théorique de Sécurité","14/02/2030","Durable"
"Goulaine","AURAY","EMMANUEL","chef.fe d'équipe","District 44","AIPR Opérateur","Compétence exigée","Non renseignée"
"Goulaine","AURAY","EMMANUEL","chef.fe d'équipe","District 44","Tondeuses autoportées _ ACES","16/09/2032","Durable"
"Goulaine","AURAY","EMMANUEL","chef.fe d'équipe","District 44","Tracteur >50 cv _ ACES","16/09/2032","Durable"
"Goulaine","AURAY","EMMANUEL","chef.fe d'équipe","District 44","tracteurs >50cv avec super-épareuse _ ACES engin de chantier","16/09/2032","Durable"
"Goulaine","AURAY","EMMANUEL","chef.fe d'équipe","District 44","Nacelles 1B _ ACES","10/10/2028","Durable"
"Goulaine","AURAY","EMMANUEL","chef.fe d'équipe","District 44","Gerbeur _ ACES","17/03/2031","Durable"
"Goulaine","AURAY","EMMANUEL","chef.fe d'équipe","District 44","Grues auxiliaires _ ACES","30/11/2028","Durable"
"Goulaine","AURAY","EMMANUEL","chef.fe d'équipe","District 44",NA,NA,NA
"Goulaine","AUTRET","FLORENT","agent d'exploitation","District 44","Engins de service hivernal _ ACES","08/04/2036","Durable"
"Goulaine","AUTRET","FLORENT","agent d'exploitation","District 44","QUAPODES recyclage","10/06/2031","Durable"
"Goulaine","AUTRET","FLORENT","agent d'exploitation","District 44","MTS _ Module théorique de Sécurité","22/05/2030","Durable"
"Goulaine","AUTRET","FLORENT","agent d'exploitation","District 44","AIPR Opérateur","16/03/2027","Moins d'1 an"
"Goulaine","AUTRET","FLORENT","agent d'exploitation","District 44",NA,NA,NA
"Goulaine","BARREAU","DOMINIQUE","agent d'exploitation","District 44","Engins de service hivernal _ ACES","15/03/2028","Durable"
"Goulaine","BARREAU","DOMINIQUE","agent d'exploitation","District 44","Tondeuses autoportées _ ACES","03/03/2033","Durable"
"Goulaine","BARREAU","DOMINIQUE","agent d'exploitation","District 44","Tracteur >50 cv _ ACES","03/03/2033","Durable"
"Goulaine","BARREAU","DOMINIQUE","agent d'exploitation","District 44","tracteurs >50cv avec super-épareuse _ ACES engin de chantier","03/03/2033","Durable"
"Goulaine","BARREAU","DOMINIQUE","agent d'exploitation","District 44","Nacelles 1B _ ACES","19/09/2028","Durable"
"Goulaine","BARREAU","DOMINIQUE","agent d'exploitation","District 44",NA,NA,NA
"Goulaine","BARRILLIE","STEPHANE","agent d'exploitation","District 44","Engins de service hivernal _ ACES","08/04/2036","Durable"
"Goulaine","BARRILLIE","STEPHANE","agent d'exploitation","District 44","Tronçonnage","16/02/2029","Durable"
"Goulaine","BARRILLIE","STEPHANE","agent d'exploitation","District 44","QUAPODES","15/06/2027","Moins d'1 an"
"Goulaine","BARRILLIE","STEPHANE","agent d'exploitation","District 44","MTS _ Module théorique de Sécurité","13/11/2030","Durable"
"Goulaine","BARRILLIE","STEPHANE","agent d'exploitation","District 44","AIPR Opérateur","28/10/2030","Durable"
"Goulaine","BARRILLIE","STEPHANE","agent d'exploitation","District 44","Tondeuses autoportées _ ACES","03/03/2032","Durable"
"Goulaine","BARRILLIE","STEPHANE","agent d'exploitation","District 44","Tracteur >50 cv _ ACES","03/03/2032","Durable"
"Goulaine","BARRILLIE","STEPHANE","agent d'exploitation","District 44","tracteurs >50cv avec super-épareuse _ ACES engin de chantier","03/03/2032","Durable"
"Goulaine","BARRILLIE","STEPHANE","agent d'exploitation","District 44","Nacelles 1B _ ACES","10/10/2028","Durable"
"Goulaine","BARRILLIE","STEPHANE","agent d'exploitation","District 44",NA,NA,NA
"Goulaine","BASSET","NICOLAS","responsable d'explo","District 44","Engins de service hivernal _ ACES","29/11/2028","Durable"
"Goulaine","BASSET","NICOLAS","responsable d'explo","District 44","Tronçonnage","16/02/2029","Durable"
"Goulaine","BASSET","NICOLAS","responsable d'explo","District 44","QUAPODES recyclage","15/01/2030","Durable"
"Goulaine","BASSET","NICOLAS","responsable d'explo","District 44","MTS _ Module théorique de Sécurité","12/06/2031","Durable"
"Goulaine","BASSET","NICOLAS","responsable d'explo","District 44","AIPR - Encadrant","Compétence exigée","Non renseignée"
"Goulaine","BASSET","NICOLAS","responsable d'explo","District 44","AIPR Opérateur","10/11/2026","Moins de 6 mois"
"Goulaine","BASSET","NICOLAS","responsable d'explo","District 44","Tondeuses autoportées _ ACES","03/03/2033","Durable"
"Goulaine","BASSET","NICOLAS","responsable d'explo","District 44","Tracteur >50 cv _ ACES","03/03/2033","Durable"
"Goulaine","BASSET","NICOLAS","responsable d'explo","District 44","tracteurs >50cv avec super-épareuse _ ACES engin de chantier","03/03/2033","Durable"
"Goulaine","BASSET","NICOLAS","responsable d'explo","District 44","Nacelles 1B _ ACES","19/09/2028","Durable"
"Goulaine","BASSET","NICOLAS","responsable d'explo","District 44",NA,NA,NA
"Goulaine","BAUDRY","STEPHANE","agent d'exploitation","District 44","Engins de service hivernal _ ACES","15/03/2028","Durable"
"Goulaine","BAUDRY","STEPHANE","agent d'exploitation","District 44","QUAPODES recyclage","14/03/2028","Durable"
"Goulaine","BAUDRY","STEPHANE","agent d'exploitation","District 44","AIPR Opérateur","11/12/2028","Durable"
"Goulaine","BAUDRY","STEPHANE","agent d'exploitation","District 44","Tondeuses autoportées _ ACES","14/12/2028","Durable"
"Goulaine","BAUDRY","STEPHANE","agent d'exploitation","District 44","Tracteur >50 cv _ ACES","14/12/2028","Durable"
"Goulaine","BAUDRY","STEPHANE","agent d'exploitation","District 44","tracteurs >50cv avec super-épareuse _ ACES engin de chantier","14/12/2028","Durable"
"Goulaine","BAUDRY","STEPHANE","agent d'exploitation","District 44","Nacelles 1B _ ACES","19/09/2028","Durable"
"Goulaine","BAUDRY","STEPHANE","agent d'exploitation","District 44","Gerbeur _ ACES","07/09/2027","Durable"
"Goulaine","BAUDRY","STEPHANE","agent d'exploitation","District 44",NA,NA,NA
"Goulaine","BESSEAU","CEDRIC","chef(fe) d'equipe","District 44","Engins de service hivernal _ ACES","21/05/2036","Durable"
"Goulaine","BESSEAU","CEDRIC","chef(fe) d'equipe","District 44","QUAPODES recyclage","30/05/2029","Durable"
"Goulaine","BESSEAU","CEDRIC","chef(fe) d'equipe","District 44","MTS _ Module théorique de Sécurité","12/06/2031","Durable"
"Goulaine","BESSEAU","CEDRIC","chef(fe) d'equipe","District 44","AIPR - Encadrant","19/12/2028","Durable"
"Goulaine","BESSEAU","CEDRIC","chef(fe) d'equipe","District 44",NA,NA,NA
"Goulaine","BIOTTEAU","FRANCOIS","agent d'exploitation","District 44","Engins de service hivernal _ ACES","25/01/2032","Durable"
"Goulaine","BIOTTEAU","FRANCOIS","agent d'exploitation","District 44","Tondeuses autoportées _ ACES","29/11/2028","Durable"
"Goulaine","BIOTTEAU","FRANCOIS","agent d'exploitation","District 44","Tracteur >50 cv _ ACES","29/11/2028","Durable"
"Goulaine","BIOTTEAU","FRANCOIS","agent d'exploitation","District 44","tracteurs >50cv avec super-épareuse _ ACES engin de chantier","29/11/2028","Durable"
"Goulaine","BIOTTEAU","FRANCOIS","agent d'exploitation","District 44","Nacelles 1B _ ACES","10/10/2028","Durable"
"Goulaine","BIOTTEAU","FRANCOIS","agent d'exploitation","District 44",NA,NA,NA
"Goulaine","BONNET","DIDIER",NA,"District 44","Tondeuses autoportées _ ACES","29/11/2028","Durable"
"Goulaine","BONNET","DIDIER",NA,"District 44","Tracteur >50 cv _ ACES","29/11/2028","Durable"
"Goulaine","BONNET","DIDIER",NA,"District 44","tracteurs >50cv avec super-épareuse _ ACES engin de chantier","29/11/2028","Durable"
"Goulaine","BORDE","SEBASTIEN","responsable de cei","District 44","QUAPODES","Compétence exigée","Non renseignée"
"Goulaine","BORDE","SEBASTIEN","responsable de cei","District 44","MTS _ Module théorique de Sécurité","13/11/2030","Durable"
"Goulaine","BORDE","SEBASTIEN","responsable de cei","District 44","AIPR - Concepteur","18/10/2028","Durable"
"Goulaine","BORDE","SEBASTIEN","responsable de cei","District 44","AIPR - Encadrant","Compétence exigée","Non renseignée"
"Goulaine","BORDE","SEBASTIEN","responsable de cei","District 44",NA,NA,NA
"Goulaine","BOURGINE","GUILLAUME","agent d'exploitation","District 44","Tronçonnage","25/01/2029","Durable"
"Goulaine","BOURGINE","GUILLAUME","agent d'exploitation","District 44","QUAPODES recyclage","14/03/2028","Durable"
"Goulaine","BOURGINE","GUILLAUME","agent d'exploitation","District 44","MTS _ Module théorique de Sécurité","22/05/2030","Durable"
"Goulaine","BOURGINE","GUILLAUME","agent d'exploitation","District 44","AIPR Opérateur","16/10/2030","Durable"
"Goulaine","BOURGINE","GUILLAUME","agent d'exploitation","District 44",NA,NA,NA
"Goulaine","BOURSIER","WILFRIED","agent d'exploitation","District 44","QUAPODES","06/12/2028","Durable"
"Goulaine","BOURSIER","WILFRIED","agent d'exploitation","District 44","AIPR Opérateur","Compétence exigée","Non renseignée"
"Goulaine","BOURSIER","WILFRIED","agent d'exploitation","District 44","CACES R486 B : PEMP Nacelle 3B","02/04/2031","Durable"
"Goulaine","BOURSIER","WILFRIED","agent d'exploitation","District 44",NA,NA,NA
"Goulaine","BOZAT","KEMAL","agent d'exploitation","District 44","Engins de service hivernal _ ACES","10/03/2036","Durable"
"Goulaine","BOZAT","KEMAL","agent d'exploitation","District 44","Tronçonnage","12/12/2030","Durable"
"Goulaine","BOZAT","KEMAL","agent d'exploitation","District 44","QUAPODES","06/02/2030","Durable"
"Goulaine","BOZAT","KEMAL","agent d'exploitation","District 44","MTS _ Module théorique de Sécurité","04/02/2030","Durable"
"Goulaine","BOZAT","KEMAL","agent d'exploitation","District 44","AIPR Opérateur","Compétence exigée","Non renseignée"
"Goulaine","BOZAT","KEMAL","agent d'exploitation","District 44",NA,NA,NA
"Goulaine","CAILLEAU","FREDERIC","agent d'exploitation","District 44","Engins de service hivernal _ ACES","25/01/2032","Durable"
"Goulaine","CAILLEAU","FREDERIC","agent d'exploitation","District 44","Tronçonnage","25/01/2029","Durable"
"Goulaine","CAILLEAU","FREDERIC","agent d'exploitation","District 44","QUAPODES recyclage","14/03/2028","Durable"
"Goulaine","CAILLEAU","FREDERIC","agent d'exploitation","District 44","MTS _ Module théorique de Sécurité","12/06/2031","Durable"
"Goulaine","CAILLEAU","FREDERIC","agent d'exploitation","District 44","AIPR Opérateur","Compétence exigée","Non renseignée"
"Goulaine","CAILLEAU","FREDERIC","agent d'exploitation","District 44","Tondeuses autoportées _ ACES","03/03/2033","Durable"
"Goulaine","CAILLEAU","FREDERIC","agent d'exploitation","District 44","Tracteur >50 cv _ ACES","03/03/2033","Durable"
"Goulaine","CAILLEAU","FREDERIC","agent d'exploitation","District 44","tracteurs >50cv avec super-épareuse _ ACES engin de chantier","03/03/2033","Durable"
"Goulaine","CAILLEAU","FREDERIC","agent d'exploitation","District 44",NA,NA,NA
"Goulaine","CHAUVIN","FRANCK","responsable d'exploi","District 44","Engins de service hivernal _ ACES","08/04/2036","Durable"
"Goulaine","CHAUVIN","FRANCK","responsable d'exploi","District 44","Tronçonnage","25/01/2029","Durable"
"Goulaine","CHAUVIN","FRANCK","responsable d'exploi","District 44","QUAPODES recyclage","29/06/2028","Durable"
"Goulaine","CHAUVIN","FRANCK","responsable d'exploi","District 44","MTS _ Module théorique de Sécurité","12/06/2031","Durable"
"Goulaine","CHAUVIN","FRANCK","responsable d'exploi","District 44","AIPR - Encadrant","Compétence exigée","Non renseignée"
"Goulaine","CHAUVIN","FRANCK","responsable d'exploi","District 44",NA,NA,NA
"Goulaine","D'ANGELO-JEANDEL","CELIA","adjoint.e au chef","District 44",NA,NA,NA
"Goulaine","D-ANGELO","CELIA",NA,"District 44","Engins de service hivernal _ ACES","08/04/2036","Durable"
"Goulaine","D-ANGELO","CELIA",NA,"District 44","QUAPODES","05/02/2031","Durable"
"Goulaine","D-ANGELO","CELIA",NA,"District 44","MTS _ Module théorique de Sécurité","12/06/2031","Durable"
"Goulaine","D-ANGELO","CELIA",NA,"District 44","AIPR - Encadrant","Compétence exigée","Non renseignée"
"Goulaine","ESNAULT","SEBASTIEN","agent d'exploitation","District 44",NA,NA,NA
"Goulaine","FORGET","FRANCOIS","agent d'exploitation","District 44","Engins de service hivernal _ ACES","15/03/2028","Durable"
"Goulaine","FORGET","FRANCOIS","agent d'exploitation","District 44","Tronçonnage","16/02/2029","Durable"
"Goulaine","FORGET","FRANCOIS","agent d'exploitation","District 44","QUAPODES recyclage","10/06/2031","Durable"
"Goulaine","FORGET","FRANCOIS","agent d'exploitation","District 44","MTS _ Module théorique de Sécurité","13/11/2030","Durable"
"Goulaine","FORGET","FRANCOIS","agent d'exploitation","District 44","AIPR Opérateur","Compétence exigée","Non renseignée"
"Goulaine","FORGET","FRANCOIS","agent d'exploitation","District 44","Tondeuses autoportées _ ACES","14/12/2028","Durable"
"Goulaine","FORGET","FRANCOIS","agent d'exploitation","District 44","Tracteur >50 cv _ ACES","14/12/2028","Durable"
"Goulaine","FORGET","FRANCOIS","agent d'exploitation","District 44","tracteurs >50cv avec super-épareuse _ ACES engin de chantier","14/12/2028","Durable"
"Goulaine","FORGET","FRANCOIS","agent d'exploitation","District 44","Nacelles 1B _ ACES","10/10/2028","Durable"
"Goulaine","FORGET","FRANCOIS","agent d'exploitation","District 44",NA,NA,NA
"Goulaine","HUTEAU","FREDDY","responsable d'explo","District 44","Engins de service hivernal _ ACES","15/03/2028","Durable"
"Goulaine","HUTEAU","FREDDY","responsable d'explo","District 44","QUAPODES","Compétence exigée","Non renseignée"
"Goulaine","HUTEAU","FREDDY","responsable d'explo","District 44","MTS _ Module théorique de Sécurité","12/06/2031","Durable"
"Goulaine","HUTEAU","FREDDY","responsable d'explo","District 44","AIPR - Encadrant","15/05/2028","Durable"
"Goulaine","HUTEAU","FREDDY","responsable d'explo","District 44",NA,NA,NA
"Goulaine","MOUILLE","YANNICK","agent d'exploitation","District 44","Tronçonnage","25/01/2029","Durable"
"Goulaine","MOUILLE","YANNICK","agent d'exploitation","District 44","QUAPODES","Compétence exigée","Non renseignée"
"Goulaine","MOUILLE","YANNICK","agent d'exploitation","District 44","AIPR Opérateur","11/12/2028","Durable"
"Goulaine","MOUILLE","YANNICK","agent d'exploitation","District 44","Tondeuses autoportées _ ACES","14/12/2028","Durable"
"Goulaine","MOUILLE","YANNICK","agent d'exploitation","District 44","Tracteur >50 cv _ ACES","14/12/2028","Durable"
"Goulaine","MOUILLE","YANNICK","agent d'exploitation","District 44","tracteurs >50cv avec super-épareuse _ ACES engin de chantier","14/12/2028","Durable"
"Goulaine","MOUILLE","YANNICK","agent d'exploitation","District 44",NA,NA,NA
"Goulaine","PACAUD","GUILLAUME","chef equipe a","District 44","QUAPODES recyclage","14/03/2028","Durable"
"Goulaine","PACAUD","GUILLAUME","chef equipe a","District 44","MTS _ Module théorique de Sécurité","13/11/2030","Durable"
"Goulaine","PACAUD","GUILLAUME","chef equipe a","District 44","AIPR - Encadrant","Compétence exigée","Non renseignée"
"Goulaine","PACAUD","GUILLAUME","chef equipe a","District 44",NA,NA,NA
"Goulaine","PETIT","REGIS","agent d'exploitation","District 44","Engins de service hivernal _ ACES","15/03/2028","Durable"
"Goulaine","PETIT","REGIS","agent d'exploitation","District 44","QUAPODES","Compétence exigée","Non renseignée"
"Goulaine","PETIT","REGIS","agent d'exploitation","District 44","MTS _ Module théorique de Sécurité","17/03/2031","Durable"
"Goulaine","PETIT","REGIS","agent d'exploitation","District 44","AIPR Opérateur","06/11/2030","Durable"
"Goulaine","PETIT","REGIS","agent d'exploitation","District 44","Tondeuses autoportées _ ACES","14/12/2028","Durable"
"Goulaine","PETIT","REGIS","agent d'exploitation","District 44","Tracteur >50 cv _ ACES","14/12/2028","Durable"
"Goulaine","PETIT","REGIS","agent d'exploitation","District 44","tracteurs >50cv avec super-épareuse _ ACES engin de chantier","14/12/2028","Durable"
"Goulaine","PETIT","REGIS","agent d'exploitation","District 44","Gerbeur _ ACES","07/09/2027","Durable"
"Goulaine","PETIT","REGIS","agent d'exploitation","District 44",NA,NA,NA
"Goulaine","POGU","BAPTISTE","agent d'exploitation","District 44","Engins de service hivernal _ ACES","08/04/2036","Durable"
"Goulaine","POGU","BAPTISTE","agent d'exploitation","District 44","QUAPODES","21/05/2031","Durable"
"Goulaine","POGU","BAPTISTE","agent d'exploitation","District 44",NA,NA,NA
"Goulaine","RENOULT","JEREMY","agent d'exploitation","District 44","Engins de service hivernal _ ACES","21/05/2036","Durable"
"Goulaine","RENOULT","JEREMY","agent d'exploitation","District 44","QUAPODES","19/03/2031","Durable"
"Goulaine","RENOULT","JEREMY","agent d'exploitation","District 44","MTS _ Module théorique de Sécurité","17/03/2031","Durable"
"Goulaine","RENOULT","JEREMY","agent d'exploitation","District 44",NA,NA,NA
"Goulaine","SIMONNEAU","REGIS","agent d'exploitation","District 44","Engins de service hivernal _ ACES","08/04/2036","Durable"
"Goulaine","SIMONNEAU","REGIS","agent d'exploitation","District 44","QUAPODES","22/06/2028","Durable"
"Goulaine","SIMONNEAU","REGIS","agent d'exploitation","District 44","MTS _ Module théorique de Sécurité","13/11/2030","Durable"
"Goulaine","SIMONNEAU","REGIS","agent d'exploitation","District 44","AIPR Opérateur","08/12/2027","Durable"
"Goulaine","SIMONNEAU","REGIS","agent d'exploitation","District 44","Tondeuses autoportées _ ACES","03/03/2033","Durable"
"Goulaine","SIMONNEAU","REGIS","agent d'exploitation","District 44","Tracteur >50 cv _ ACES","03/03/2033","Durable"
"Goulaine","SIMONNEAU","REGIS","agent d'exploitation","District 44","tracteurs >50cv avec super-épareuse _ ACES engin de chantier","03/03/2033","Durable"
"Goulaine","SIMONNEAU","REGIS","agent d'exploitation","District 44","Nacelles 1B _ ACES","10/10/2028","Durable"
"Goulaine","SIMONNEAU","REGIS","agent d'exploitation","District 44",NA,NA,NA
"Goulaine","TAUGAIN","GUILLAUME","agent d'exploitation","District 44","Engins de service hivernal _ ACES","25/01/2032","Durable"
"Goulaine","TAUGAIN","GUILLAUME","agent d'exploitation","District 44","QUAPODES recyclage","10/06/2031","Durable"
"Goulaine","TAUGAIN","GUILLAUME","agent d'exploitation","District 44","MTS _ Module théorique de Sécurité","12/06/2031","Durable"
"Goulaine","TAUGAIN","GUILLAUME","agent d'exploitation","District 44","AIPR Opérateur","06/11/2030","Durable"
"Goulaine","TAUGAIN","GUILLAUME","agent d'exploitation","District 44",NA,NA,NA
"Goulaine","VINCENT","FRANCK","agent d'exploitation","District 44","Tronçonnage","16/02/2029","Durable"
"Goulaine","VINCENT","FRANCK","agent d'exploitation","District 44","QUAPODES recyclage","10/06/2031","Durable"
"Goulaine","VINCENT","FRANCK","agent d'exploitation","District 44","MTS _ Module théorique de Sécurité","13/11/2030","Durable"
"Goulaine","VINCENT","FRANCK","agent d'exploitation","District 44","AIPR Opérateur","06/11/2030","Durable"
"Goulaine","VINCENT","FRANCK","agent d'exploitation","District 44","Tondeuses autoportées _ ACES","03/03/2032","Durable"
"Goulaine","VINCENT","FRANCK","agent d'exploitation","District 44","Tracteur >50 cv _ ACES","03/03/2032","Durable"
"Goulaine","VINCENT","FRANCK","agent d'exploitation","District 44","tracteurs >50cv avec super-épareuse _ ACES engin de chantier","03/03/2032","Durable"
"Goulaine","VINCENT","FRANCK","agent d'exploitation","District 44","Nacelles 1B _ ACES","21/01/2027","Moins de 6 mois"
"Goulaine","VINCENT","FRANCK","agent d'exploitation","District 44",NA,NA,NA
"Heric","BATARD","JORDANE","agent d'exploitation","District 44","QUAPODES","19/03/2031","Durable"
"Heric","BATARD","JORDANE","agent d'exploitation","District 44","MTS _ Module théorique de Sécurité","17/03/2031","Durable"
"Heric","BATARD","JORDANE","agent d'exploitation","District 44","AIPR Opérateur","01/10/2029","Durable"
"Heric","BATARD","JORDANE","agent d'exploitation","District 44",NA,NA,NA
"Heric","BECHADE","DAVID","chef equipe a","District 44","QUAPODES recyclage","30/05/2029","Durable"
"Heric","BECHADE","DAVID","chef equipe a","District 44","AIPR - Encadrant","15/05/2028","Durable"
"Heric","BECHADE","DAVID","chef equipe a","District 44",NA,NA,NA
"Heric","COTTIN","JEAN-BAPTISTE","agent d'exploitation","District 44","Engins de service hivernal _ ACES","21/05/2036","Durable"
"Heric","COTTIN","JEAN-BAPTISTE","agent d'exploitation","District 44","Bennes amovibles _ ACES","30/11/2033","Durable"
"Heric","COTTIN","JEAN-BAPTISTE","agent d'exploitation","District 44","Chargeuses, chargeuses-pelleteuses _ ACES","16/09/2032","Durable"
"Heric","COTTIN","JEAN-BAPTISTE","agent d'exploitation","District 44","Tronçonnage","29/03/2029","Durable"
"Heric","COTTIN","JEAN-BAPTISTE","agent d'exploitation","District 44","QUAPODES","Compétence exigée","Non renseignée"
"Heric","COTTIN","JEAN-BAPTISTE","agent d'exploitation","District 44","MTS _ Module théorique de Sécurité","17/03/2031","Durable"
"Heric","COTTIN","JEAN-BAPTISTE","agent d'exploitation","District 44","AIPR Opérateur","Compétence exigée","Non renseignée"
"Heric","COTTIN","JEAN-BAPTISTE","agent d'exploitation","District 44","Tondeuses autoportées _ ACES","16/09/2032","Durable"
"Heric","COTTIN","JEAN-BAPTISTE","agent d'exploitation","District 44","Tracteur >50 cv _ ACES","16/09/2032","Durable"
"Heric","COTTIN","JEAN-BAPTISTE","agent d'exploitation","District 44","tracteurs >50cv avec super-épareuse _ ACES engin de chantier","16/09/2032","Durable"
"Heric","COTTIN","JEAN-BAPTISTE","agent d'exploitation","District 44","Chariot élévateur- téléscopique_ ACES","24/03/2027","Moins d'1 an"
"Heric","COTTIN","JEAN-BAPTISTE","agent d'exploitation","District 44","Nacelles 1B _ ACES","18/03/2031","Durable"
"Heric","COTTIN","JEAN-BAPTISTE","agent d'exploitation","District 44","Nacelles 3B _ ACES","18/03/2031","Durable"
"Heric","COTTIN","JEAN-BAPTISTE","agent d'exploitation","District 44","Grues auxiliaires _ ACES","30/11/2028","Durable"
"Heric","COTTIN","JEAN-BAPTISTE","agent d'exploitation","District 44",NA,NA,NA
"Heric","ELFGANG","TONY","agent d'exploitation","District 44","Engins de service hivernal _ ACES","31/01/2029","Durable"
"Heric","ELFGANG","TONY","agent d'exploitation","District 44","Bennes amovibles _ ACES","30/11/2033","Durable"
"Heric","ELFGANG","TONY","agent d'exploitation","District 44","Tronçonnage","29/03/2029","Durable"
"Heric","ELFGANG","TONY","agent d'exploitation","District 44","QUAPODES recyclage","10/06/2031","Durable"
"Heric","ELFGANG","TONY","agent d'exploitation","District 44","MTS _ Module théorique de Sécurité","22/05/2030","Durable"
"Heric","ELFGANG","TONY","agent d'exploitation","District 44","AIPR Opérateur","Compétence exigée","Non renseignée"
"Heric","ELFGANG","TONY","agent d'exploitation","District 44","Grues auxiliaires _ ACES","30/11/2028","Durable"
"Heric","ELFGANG","TONY","agent d'exploitation","District 44",NA,NA,NA
"Heric","GARAUD","FREDERIK","agent d'exploitation","District 44","Engins de service hivernal _ ACES","06/01/2032","Durable"
"Heric","GARAUD","FREDERIK","agent d'exploitation","District 44","Bennes amovibles _ ACES","30/11/2033","Durable"
"Heric","GARAUD","FREDERIK","agent d'exploitation","District 44","Chargeuses, chargeuses-pelleteuses _ ACES","16/09/2032","Durable"
"Heric","GARAUD","FREDERIK","agent d'exploitation","District 44","QUAPODES","04/10/2027","Durable"
"Heric","GARAUD","FREDERIK","agent d'exploitation","District 44","MTS _ Module théorique de Sécurité","14/02/2030","Durable"
"Heric","GARAUD","FREDERIK","agent d'exploitation","District 44","AIPR Opérateur","Compétence exigée","Non renseignée"
"Heric","GARAUD","FREDERIK","agent d'exploitation","District 44","Tondeuses autoportées _ ACES","16/09/2032","Durable"
"Heric","GARAUD","FREDERIK","agent d'exploitation","District 44","Tracteur >50 cv _ ACES","16/09/2032","Durable"
"Heric","GARAUD","FREDERIK","agent d'exploitation","District 44","tracteurs >50cv avec super-épareuse _ ACES engin de chantier","16/09/2032","Durable"
"Heric","GARAUD","FREDERIK","agent d'exploitation","District 44","Nacelles 1B _ ACES","19/09/2028","Durable"
"Heric","GARAUD","FREDERIK","agent d'exploitation","District 44","Gerbeur _ ACES","17/03/2031","Durable"
"Heric","GARAUD","FREDERIK","agent d'exploitation","District 44","Grues auxiliaires _ ACES","30/11/2028","Durable"
"Heric","GARAUD","FREDERIK","agent d'exploitation","District 44",NA,NA,NA
"Heric","GAUTRON","BAPTISTE",NA,"District 44","QUAPODES","23/05/2030","Durable"
"Heric","GAUTRON","BAPTISTE",NA,"District 44","MTS _ Module théorique de Sécurité","05/06/2030","Durable"
"Heric","GAUTRON","BAPTISTE",NA,"District 44","AIPR Opérateur","16/10/2030","Durable"
"Heric","GUEMENE","OLIVIER","agent d'exploitation","District 44","QUAPODES","Compétence exigée","Non renseignée"
"Heric","GUEMENE","OLIVIER","agent d'exploitation","District 44","AIPR Opérateur","Compétence exigée","Non renseignée"
"Heric","GUEMENE","OLIVIER","agent d'exploitation","District 44",NA,NA,NA
"Heric","GUERLAIS","CHRISTOPHE",NA,"District 44","Engins de service hivernal _ ACES","22/11/2028","Durable"
"Heric","GUERLAIS","CHRISTOPHE",NA,"District 44","Bennes amovibles _ ACES","30/11/2033","Durable"
"Heric","GUERLAIS","CHRISTOPHE",NA,"District 44","Grues auxiliaires _ ACES","30/11/2028","Durable"
"Heric","GUINEL","JEAN-MARC","agent d'exploitation","District 44","Bennes amovibles _ ACES","30/11/2033","Durable"
"Heric","GUINEL","JEAN-MARC","agent d'exploitation","District 44","Tronçonnage","01/04/2027","Moins d'1 an"
"Heric","GUINEL","JEAN-MARC","agent d'exploitation","District 44","QUAPODES","04/10/2027","Durable"
"Heric","GUINEL","JEAN-MARC","agent d'exploitation","District 44","MTS _ Module théorique de Sécurité","14/02/2030","Durable"
"Heric","GUINEL","JEAN-MARC","agent d'exploitation","District 44","AIPR Opérateur","06/11/2030","Durable"
"Heric","GUINEL","JEAN-MARC","agent d'exploitation","District 44","Tondeuses autoportées _ ACES","03/03/2032","Durable"
"Heric","GUINEL","JEAN-MARC","agent d'exploitation","District 44","Tracteur >50 cv _ ACES","03/03/2032","Durable"
"Heric","GUINEL","JEAN-MARC","agent d'exploitation","District 44","tracteurs >50cv avec super-épareuse _ ACES engin de chantier","03/03/2032","Durable"
"Heric","GUINEL","JEAN-MARC","agent d'exploitation","District 44","Chariot élévateur- téléscopique_ ACES","24/03/2027","Moins d'1 an"
"Heric","GUINEL","JEAN-MARC","agent d'exploitation","District 44","Grues auxiliaires _ ACES","30/11/2028","Durable"
"Heric","GUINEL","JEAN-MARC","agent d'exploitation","District 44",NA,NA,NA
"Heric","HIAS","OLIVIER","agent d'exploitation","District 44","Engins de service hivernal _ ACES","08/03/2029","Durable"
"Heric","HIAS","OLIVIER","agent d'exploitation","District 44","Bennes amovibles _ ACES","30/11/2033","Durable"
"Heric","HIAS","OLIVIER","agent d'exploitation","District 44","Tronçonnage","29/03/2029","Durable"
"Heric","HIAS","OLIVIER","agent d'exploitation","District 44","QUAPODES","Compétence exigée","Non renseignée"
"Heric","HIAS","OLIVIER","agent d'exploitation","District 44","MTS _ Module théorique de Sécurité","13/11/2030","Durable"
"Heric","HIAS","OLIVIER","agent d'exploitation","District 44","AIPR Opérateur","Compétence exigée","Non renseignée"
"Heric","HIAS","OLIVIER","agent d'exploitation","District 44","Nacelles 1B _ ACES","18/03/2031","Durable"
"Heric","HIAS","OLIVIER","agent d'exploitation","District 44","Nacelles 3B _ ACES","18/03/2031","Durable"
"Heric","HIAS","OLIVIER","agent d'exploitation","District 44","Gerbeur _ ACES","17/03/2031","Durable"
"Heric","HIAS","OLIVIER","agent d'exploitation","District 44","Grues auxiliaires _ ACES","30/11/2028","Durable"
"Heric","HIAS","OLIVIER","agent d'exploitation","District 44",NA,NA,NA
"Heric","LE GAL","MATTHIEU","responsable de cei","District 44","Engins de service hivernal _ ACES","29/01/2036","Durable"
"Heric","LE GAL","MATTHIEU","responsable de cei","District 44","QUAPODES","03/07/2030","Durable"
"Heric","LE GAL","MATTHIEU","responsable de cei","District 44","MTS _ Module théorique de Sécurité","04/02/2030","Durable"
"Heric","LE GAL","MATTHIEU","responsable de cei","District 44","AIPR - Concepteur","14/03/2028","Durable"
"Heric","LE GAL","MATTHIEU","responsable de cei","District 44","AIPR - Encadrant","Compétence exigée","Non renseignée"
"Heric","LE GAL","MATTHIEU","responsable de cei","District 44",NA,NA,NA
"Heric","LELIEVRE","OLIVIER","responsable d'explo","District 44","Engins de service hivernal _ ACES","29/01/2036","Durable"
"Heric","LELIEVRE","OLIVIER","responsable d'explo","District 44","Tronçonnage","29/03/2029","Durable"
"Heric","LELIEVRE","OLIVIER","responsable d'explo","District 44","QUAPODES","Compétence exigée","Non renseignée"
"Heric","LELIEVRE","OLIVIER","responsable d'explo","District 44","MTS _ Module théorique de Sécurité","03/02/2031","Durable"
"Heric","LELIEVRE","OLIVIER","responsable d'explo","District 44","AIPR - Encadrant","Compétence exigée","Non renseignée"
"Heric","LELIEVRE","OLIVIER","responsable d'explo","District 44","Gerbeur _ ACES","17/03/2031","Durable"
"Heric","LELIEVRE","OLIVIER","responsable d'explo","District 44",NA,NA,NA
"Heric","LEPAGE","ERIC","agent d'exploitation","District 44","Engins de service hivernal _ ACES","29/01/2036","Durable"
"Heric","LEPAGE","ERIC","agent d'exploitation","District 44","Chargeuses, chargeuses-pelleteuses _ ACES","16/09/2032","Durable"
"Heric","LEPAGE","ERIC","agent d'exploitation","District 44","Tronçonnage","20/03/2031","Durable"
"Heric","LEPAGE","ERIC","agent d'exploitation","District 44","QUAPODES","Compétence exigée","Non renseignée"
"Heric","LEPAGE","ERIC","agent d'exploitation","District 44","MTS _ Module théorique de Sécurité","14/02/2030","Durable"
"Heric","LEPAGE","ERIC","agent d'exploitation","District 44","AIPR Opérateur","16/10/2030","Durable"
"Heric","LEPAGE","ERIC","agent d'exploitation","District 44","Tondeuses autoportées _ ACES","16/09/2032","Durable"
"Heric","LEPAGE","ERIC","agent d'exploitation","District 44","Tracteur >50 cv _ ACES","16/09/2032","Durable"
"Heric","LEPAGE","ERIC","agent d'exploitation","District 44","tracteurs >50cv avec super-épareuse _ ACES engin de chantier","16/09/2032","Durable"
"Heric","LEPAGE","ERIC","agent d'exploitation","District 44","Nacelles 1B _ ACES","18/03/2031","Durable"
"Heric","LEPAGE","ERIC","agent d'exploitation","District 44","Nacelles 3B _ ACES","18/03/2031","Durable"
"Heric","LEPAGE","ERIC","agent d'exploitation","District 44","Gerbeur _ ACES","17/03/2031","Durable"
"Heric","LEPAGE","ERIC","agent d'exploitation","District 44",NA,NA,NA
"Heric","LEROY","PHILIPPE","agent d'exploitation","District 44","Engins de service hivernal _ ACES","15/03/2028","Durable"
"Heric","LEROY","PHILIPPE","agent d'exploitation","District 44","Bennes amovibles _ ACES","30/11/2033","Durable"
"Heric","LEROY","PHILIPPE","agent d'exploitation","District 44","Chargeuses, chargeuses-pelleteuses _ ACES","16/09/2032","Durable"
"Heric","LEROY","PHILIPPE","agent d'exploitation","District 44","Tronçonnage","01/04/2027","Moins d'1 an"
"Heric","LEROY","PHILIPPE","agent d'exploitation","District 44","QUAPODES","Compétence exigée","Non renseignée"
"Heric","LEROY","PHILIPPE","agent d'exploitation","District 44","MTS _ Module théorique de Sécurité","14/02/2030","Durable"
"Heric","LEROY","PHILIPPE","agent d'exploitation","District 44","AIPR Opérateur","16/10/2030","Durable"
"Heric","LEROY","PHILIPPE","agent d'exploitation","District 44","Tondeuses autoportées _ ACES","16/09/2032","Durable"
"Heric","LEROY","PHILIPPE","agent d'exploitation","District 44","Tracteur >50 cv _ ACES","16/09/2032","Durable"
"Heric","LEROY","PHILIPPE","agent d'exploitation","District 44","tracteurs >50cv avec super-épareuse _ ACES engin de chantier","16/09/2032","Durable"
"Heric","LEROY","PHILIPPE","agent d'exploitation","District 44","Nacelles 1B _ ACES","18/03/2031","Durable"
"Heric","LEROY","PHILIPPE","agent d'exploitation","District 44","Nacelles 3B _ ACES","18/03/2031","Durable"
"Heric","LEROY","PHILIPPE","agent d'exploitation","District 44","Gerbeur _ ACES","17/03/2031","Durable"
"Heric","LEROY","PHILIPPE","agent d'exploitation","District 44","Grues auxiliaires _ ACES","30/11/2028","Durable"
"Heric","LEROY","PHILIPPE","agent d'exploitation","District 44",NA,NA,NA
"Heric","LUCO","TONY","chef(fe) d'equipe","District 44","CACES R490 : grues de chargement","27/03/2033","Durable"
"Heric","LUCO","TONY","chef(fe) d'equipe","District 44","CACES R482 catA : Tracteur <100CV","27/03/2033","Durable"
"Heric","LUCO","TONY","chef(fe) d'equipe","District 44","Tronçonnage","20/03/2031","Durable"
"Heric","LUCO","TONY","chef(fe) d'equipe","District 44","QUAPODES recyclage","09/11/2028","Durable"
"Heric","LUCO","TONY","chef(fe) d'equipe","District 44","AIPR - Encadrant","19/12/2028","Durable"
"Heric","LUCO","TONY","chef(fe) d'equipe","District 44","Mini-pelles _ ACES","13/10/2026","Moins de 6 mois"
"Heric","LUCO","TONY","chef(fe) d'equipe","District 44","CACES R489 cat3 : chariots automoteurs à conducteur porté","25/01/2033","Durable"
"Heric","LUCO","TONY","chef(fe) d'equipe","District 44",NA,NA,NA
"Heric","OUARY","JEROME","agent d'exploitation","District 44","CACES R490 : grues de chargement","12/01/2033","Durable"
"Heric","OUARY","JEROME","agent d'exploitation","District 44","CACES R482 catA : Tracteur <100CV","17/03/2033","Durable"
"Heric","OUARY","JEROME","agent d'exploitation","District 44","Chargeuses, chargeuses-pelleteuses _ ACES","26/11/2034","Durable"
"Heric","OUARY","JEROME","agent d'exploitation","District 44","QUAPODES","Compétence exigée","Non renseignée"
"Heric","OUARY","JEROME","agent d'exploitation","District 44","AIPR Opérateur","Compétence exigée","Non renseignée"
"Heric","OUARY","JEROME","agent d'exploitation","District 44","Tondeuses autoportées _ ACES","16/09/2032","Durable"
"Heric","OUARY","JEROME","agent d'exploitation","District 44","Tracteur >50 cv _ ACES","16/09/2032","Durable"
"Heric","OUARY","JEROME","agent d'exploitation","District 44","tracteurs >50cv avec super-épareuse _ ACES engin de chantier","16/09/2032","Durable"
"Heric","OUARY","JEROME","agent d'exploitation","District 44","Chariot élévateur- téléscopique_ ACES","27/11/2029","Durable"
"Heric","OUARY","JEROME","agent d'exploitation","District 44","CACES R486 B : PEMP Nacelle 3B","24/01/2033","Durable"
"Heric","OUARY","JEROME","agent d'exploitation","District 44",NA,NA,NA
"Heric","PENLOUP","PHILIPPE","chef equipe c","District 44","QUAPODES","03/07/2030","Durable"
"Heric","PENLOUP","PHILIPPE","chef equipe c","District 44","MTS _ Module théorique de Sécurité","17/03/2031","Durable"
"Heric","PENLOUP","PHILIPPE","chef equipe c","District 44","AIPR - Encadrant","Compétence exigée","Non renseignée"
"Heric","PENLOUP","PHILIPPE","chef equipe c","District 44","Nacelles 1B _ ACES","18/03/2031","Durable"
"Heric","PENLOUP","PHILIPPE","chef equipe c","District 44","Nacelles 3B _ ACES","18/03/2031","Durable"
"Heric","PENLOUP","PHILIPPE","chef equipe c","District 44","Gerbeur _ ACES","07/09/2027","Durable"
"Heric","PENLOUP","PHILIPPE","chef equipe c","District 44",NA,NA,NA
"Heric","POUILLOUX","FABRICE","agent d'exploitation","District 44","Chargeuses, chargeuses-pelleteuses _ ACES","16/09/2032","Durable"
"Heric","POUILLOUX","FABRICE","agent d'exploitation","District 44","QUAPODES","Compétence exigée","Non renseignée"
"Heric","POUILLOUX","FABRICE","agent d'exploitation","District 44","AIPR Opérateur","06/11/2030","Durable"
"Heric","POUILLOUX","FABRICE","agent d'exploitation","District 44","Tondeuses autoportées _ ACES","16/09/2032","Durable"
"Heric","POUILLOUX","FABRICE","agent d'exploitation","District 44","Tracteur >50 cv _ ACES","16/09/2032","Durable"
"Heric","POUILLOUX","FABRICE","agent d'exploitation","District 44","tracteurs >50cv avec super-épareuse _ ACES engin de chantier","16/09/2032","Durable"
"Heric","POUILLOUX","FABRICE","agent d'exploitation","District 44","Nacelles 1B _ ACES","19/09/2028","Durable"
"Heric","POUILLOUX","FABRICE","agent d'exploitation","District 44",NA,NA,NA
"Heric","RINCE","SEBASTIEN","agent d'exploitation","District 44","Engins de service hivernal _ ACES","29/01/2036","Durable"
"Heric","RINCE","SEBASTIEN","agent d'exploitation","District 44","Tronçonnage","28/02/2030","Durable"
"Heric","RINCE","SEBASTIEN","agent d'exploitation","District 44","QUAPODES","06/02/2030","Durable"
"Heric","RINCE","SEBASTIEN","agent d'exploitation","District 44","MTS _ Module théorique de Sécurité","04/02/2030","Durable"
"Heric","RINCE","SEBASTIEN","agent d'exploitation","District 44","AIPR Opérateur","16/10/2030","Durable"
"Heric","RINCE","SEBASTIEN","agent d'exploitation","District 44","Nacelles 1B _ ACES","18/03/2031","Durable"
"Heric","RINCE","SEBASTIEN","agent d'exploitation","District 44","Nacelles 3B _ ACES","18/03/2031","Durable"
"Heric","RINCE","SEBASTIEN","agent d'exploitation","District 44",NA,NA,NA
"Heric","TALABAS","MARC","chef equipe b","District 44","QUAPODES","Compétence exigée","Non renseignée"
"Heric","TALABAS","MARC","chef equipe b","District 44","AIPR - Encadrant","Compétence exigée","Non renseignée"
"Heric","TALABAS","MARC","chef equipe b","District 44",NA,NA,NA
"La Seguiniere","ABELLARD","DIDIER","responsable de cei","District 44","MTS _ Module théorique de Sécurité","12/12/2029","Durable"
"La Seguiniere","ABELLARD","DIDIER","responsable de cei","District 44","AIPR - Encadrant","10/12/2026","Moins de 6 mois"
"La Seguiniere","ABELLARD","DIDIER","responsable de cei","District 44","Chariot élévateur- téléscopique_ ACES","13/12/2029","Durable"
"La Seguiniere","ABELLARD","DIDIER","responsable de cei","District 44",NA,NA,NA
"La Seguiniere","AUDEBAULT","MARTIAL","chef.fe d'équipe","District 44","Engins de service hivernal _ ACES","21/05/2036","Durable"
"La Seguiniere","AUDEBAULT","MARTIAL","chef.fe d'équipe","District 44","QUAPODES","03/07/2030","Durable"
"La Seguiniere","AUDEBAULT","MARTIAL","chef.fe d'équipe","District 44","MTS _ Module théorique de Sécurité","09/01/2030","Durable"
"La Seguiniere","AUDEBAULT","MARTIAL","chef.fe d'équipe","District 44","AIPR - Encadrant","21/10/2027","Durable"
"La Seguiniere","AUDEBAULT","MARTIAL","chef.fe d'équipe","District 44"," 100CV"">Tracteur >100CV _ ACES","19/03/2036","Durable"
"La Seguiniere","AUDEBAULT","MARTIAL","chef.fe d'équipe","District 44","Tondeuses autoportées _ ACES","19/03/2036","Durable"
"La Seguiniere","AUDEBAULT","MARTIAL","chef.fe d'équipe","District 44","Mini-pelles _ ACES","19/03/2036","Durable"
"La Seguiniere","AUDEBAULT","MARTIAL","chef.fe d'équipe","District 44","Chariot élévateur- téléscopique_ ACES","10/01/2030","Durable"
"La Seguiniere","AUDEBAULT","MARTIAL","chef.fe d'équipe","District 44",NA,NA,NA
"La Seguiniere","BAUDRY","PIERRICK","agent d'exploitation","District 44","Engins de service hivernal _ ACES","29/01/2036","Durable"
"La Seguiniere","BAUDRY","PIERRICK","agent d'exploitation","District 44","Tronçonnage","12/12/2030","Durable"
"La Seguiniere","BAUDRY","PIERRICK","agent d'exploitation","District 44","QUAPODES","21/11/2029","Durable"
"La Seguiniere","BAUDRY","PIERRICK","agent d'exploitation","District 44","MTS _ Module théorique de Sécurité","19/11/2029","Durable"
"La Seguiniere","BAUDRY","PIERRICK","agent d'exploitation","District 44","AIPR Opérateur","16/05/2029","Durable"
"La Seguiniere","BAUDRY","PIERRICK","agent d'exploitation","District 44","tracteurs >50cv avec super-épareuse _ ACES engin de chantier","30/06/2033","Durable"
"La Seguiniere","BAUDRY","PIERRICK","agent d'exploitation","District 44","Chariot élévateur- téléscopique_ ACES","13/12/2029","Durable"
"La Seguiniere","BAUDRY","PIERRICK","agent d'exploitation","District 44",NA,NA,NA
"La Seguiniere","BERTHELOT","JEROME","agent d'exploitation","District 44","Engins de service hivernal _ ACES","10/03/2036","Durable"
"La Seguiniere","BERTHELOT","JEROME","agent d'exploitation","District 44","Tronçonnage","09/02/2029","Durable"
"La Seguiniere","BERTHELOT","JEROME","agent d'exploitation","District 44","QUAPODES","22/06/2028","Durable"
"La Seguiniere","BERTHELOT","JEROME","agent d'exploitation","District 44","MTS _ Module théorique de Sécurité","09/01/2030","Durable"
"La Seguiniere","BERTHELOT","JEROME","agent d'exploitation","District 44","AIPR Opérateur","15/06/2027","Moins d'1 an"
"La Seguiniere","BERTHELOT","JEROME","agent d'exploitation","District 44"," 100CV"">Tracteur >100CV _ ACES","19/04/2034","Durable"
"La Seguiniere","BERTHELOT","JEROME","agent d'exploitation","District 44","Chariot élévateur- téléscopique_ ACES","10/01/2030","Durable"
"La Seguiniere","BERTHELOT","JEROME","agent d'exploitation","District 44","Grues auxiliaires _ ACES","17/11/2027","Durable"
"La Seguiniere","BERTHELOT","JEROME","agent d'exploitation","District 44",NA,NA,NA
"La Seguiniere","BOURIGAULT","FREDERIC","agent d'exploitation","District 44","Engins de service hivernal _ ACES","08/11/2028","Durable"
"La Seguiniere","BOURIGAULT","FREDERIC","agent d'exploitation","District 44","Bennes amovibles _ ACES","06/11/2029","Durable"
"La Seguiniere","BOURIGAULT","FREDERIC","agent d'exploitation","District 44","Tronçonnage","09/02/2029","Durable"
"La Seguiniere","BOURIGAULT","FREDERIC","agent d'exploitation","District 44","QUAPODES","Compétence exigée","Non renseignée"
"La Seguiniere","BOURIGAULT","FREDERIC","agent d'exploitation","District 44","MTS _ Module théorique de Sécurité","12/12/2029","Durable"
"La Seguiniere","BOURIGAULT","FREDERIC","agent d'exploitation","District 44","AIPR Opérateur","Compétence exigée","Non renseignée"
"La Seguiniere","BOURIGAULT","FREDERIC","agent d'exploitation","District 44","Tondeuses autoportées _ ACES","22/11/2029","Durable"
"La Seguiniere","BOURIGAULT","FREDERIC","agent d'exploitation","District 44","Tracteur >50 cv _ ACES","22/11/2029","Durable"
"La Seguiniere","BOURIGAULT","FREDERIC","agent d'exploitation","District 44","tracteurs >50cv avec super-épareuse _ ACES engin de chantier","22/11/2029","Durable"
"La Seguiniere","BOURIGAULT","FREDERIC","agent d'exploitation","District 44","Mini-pelles _ ACES","22/11/2029","Durable"
"La Seguiniere","BOURIGAULT","FREDERIC","agent d'exploitation","District 44","Chariot élévateur- téléscopique_ ACES","13/12/2029","Durable"
"La Seguiniere","BOURIGAULT","FREDERIC","agent d'exploitation","District 44","Grues auxiliaires _ ACES","17/11/2027","Durable"
"La Seguiniere","BOURIGAULT","FREDERIC","agent d'exploitation","District 44",NA,NA,NA
"La Seguiniere","BROCHARD","YOHANN","agent d'exploitation","District 44","QUAPODES","19/03/2031","Durable"
"La Seguiniere","BROCHARD","YOHANN","agent d'exploitation","District 44","MTS _ Module théorique de Sécurité","17/03/2031","Durable"
"La Seguiniere","BROCHARD","YOHANN","agent d'exploitation","District 44","AIPR - Concepteur","16/05/2029","Durable"
"La Seguiniere","BROCHARD","YOHANN","agent d'exploitation","District 44",NA,NA,NA
"La Seguiniere","DELVOLTE","CHRISTOPHE","agent d'exploitation","District 44","Engins de service hivernal _ ACES","15/03/2028","Durable"
"La Seguiniere","DELVOLTE","CHRISTOPHE","agent d'exploitation","District 44","Bennes amovibles _ ACES","06/11/2029","Durable"
"La Seguiniere","DELVOLTE","CHRISTOPHE","agent d'exploitation","District 44","Porte-engins _ ACES","13/04/2031","Durable"
"La Seguiniere","DELVOLTE","CHRISTOPHE","agent d'exploitation","District 44","Tronçonnage","09/02/2029","Durable"
"La Seguiniere","DELVOLTE","CHRISTOPHE","agent d'exploitation","District 44","QUAPODES","Compétence exigée","Non renseignée"
"La Seguiniere","DELVOLTE","CHRISTOPHE","agent d'exploitation","District 44","MTS _ Module théorique de Sécurité","12/12/2029","Durable"
"La Seguiniere","DELVOLTE","CHRISTOPHE","agent d'exploitation","District 44","AIPR Opérateur","06/11/2030","Durable"
"La Seguiniere","DELVOLTE","CHRISTOPHE","agent d'exploitation","District 44","Tondeuses autoportées _ ACES","22/11/2029","Durable"
"La Seguiniere","DELVOLTE","CHRISTOPHE","agent d'exploitation","District 44","Tracteur >50 cv _ ACES","22/11/2029","Durable"
"La Seguiniere","DELVOLTE","CHRISTOPHE","agent d'exploitation","District 44","tracteurs >50cv avec super-épareuse _ ACES engin de chantier","22/11/2029","Durable"
"La Seguiniere","DELVOLTE","CHRISTOPHE","agent d'exploitation","District 44","Mini-pelles _ ACES","22/11/2029","Durable"
"La Seguiniere","DELVOLTE","CHRISTOPHE","agent d'exploitation","District 44","Chariot élévateur- téléscopique_ ACES","13/12/2029","Durable"
"La Seguiniere","DELVOLTE","CHRISTOPHE","agent d'exploitation","District 44","Nacelles 1B _ ACES","21/01/2027","Moins de 6 mois"
"La Seguiniere","DELVOLTE","CHRISTOPHE","agent d'exploitation","District 44","Grues auxiliaires _ ACES","17/11/2027","Durable"
"La Seguiniere","DELVOLTE","CHRISTOPHE","agent d'exploitation","District 44",NA,NA,NA
"La Seguiniere","FOUQUERAY","DAMIEN","agent d'exploitation","District 44","Engins de service hivernal _ ACES","10/03/2036","Durable"
"La Seguiniere","FOUQUERAY","DAMIEN","agent d'exploitation","District 44","Bennes amovibles _ ACES","06/11/2029","Durable"
"La Seguiniere","FOUQUERAY","DAMIEN","agent d'exploitation","District 44","Tronçonnage","09/02/2029","Durable"
"La Seguiniere","FOUQUERAY","DAMIEN","agent d'exploitation","District 44","QUAPODES recyclage","10/12/2026","Moins de 6 mois"
"La Seguiniere","FOUQUERAY","DAMIEN","agent d'exploitation","District 44","MTS _ Module théorique de Sécurité","12/12/2029","Durable"
"La Seguiniere","FOUQUERAY","DAMIEN","agent d'exploitation","District 44","AIPR Opérateur","16/10/2030","Durable"
"La Seguiniere","FOUQUERAY","DAMIEN","agent d'exploitation","District 44","Tondeuses autoportées _ ACES","22/11/2029","Durable"
"La Seguiniere","FOUQUERAY","DAMIEN","agent d'exploitation","District 44","Tracteur >50 cv _ ACES","22/11/2029","Durable"
"La Seguiniere","FOUQUERAY","DAMIEN","agent d'exploitation","District 44","tracteurs >50cv avec super-épareuse _ ACES engin de chantier","22/11/2029","Durable"
"La Seguiniere","FOUQUERAY","DAMIEN","agent d'exploitation","District 44","Mini-pelles _ ACES","22/11/2029","Durable"
"La Seguiniere","FOUQUERAY","DAMIEN","agent d'exploitation","District 44","Chariot élévateur- téléscopique_ ACES","13/12/2029","Durable"
"La Seguiniere","FOUQUERAY","DAMIEN","agent d'exploitation","District 44","Grues auxiliaires _ ACES","17/11/2027","Durable"
"La Seguiniere","FOUQUERAY","DAMIEN","agent d'exploitation","District 44",NA,NA,NA
"La Seguiniere","HERVOUET","SAMUEL","agent d'exploitation","District 44","Engins de service hivernal _ ACES","28/03/2029","Durable"
"La Seguiniere","HERVOUET","SAMUEL","agent d'exploitation","District 44","Tronçonnage","01/04/2027","Moins d'1 an"
"La Seguiniere","HERVOUET","SAMUEL","agent d'exploitation","District 44","QUAPODES","Compétence exigée","Non renseignée"
"La Seguiniere","HERVOUET","SAMUEL","agent d'exploitation","District 44","MTS _ Module théorique de Sécurité","09/01/2030","Durable"
"La Seguiniere","HERVOUET","SAMUEL","agent d'exploitation","District 44","AIPR Opérateur","16/10/2030","Durable"
"La Seguiniere","HERVOUET","SAMUEL","agent d'exploitation","District 44","Tondeuses autoportées _ ACES","22/11/2029","Durable"
"La Seguiniere","HERVOUET","SAMUEL","agent d'exploitation","District 44","Tracteur >50 cv _ ACES","22/11/2029","Durable"
"La Seguiniere","HERVOUET","SAMUEL","agent d'exploitation","District 44","tracteurs >50cv avec super-épareuse _ ACES engin de chantier","22/11/2029","Durable"
"La Seguiniere","HERVOUET","SAMUEL","agent d'exploitation","District 44","Mini-pelles _ ACES","22/11/2029","Durable"
"La Seguiniere","HERVOUET","SAMUEL","agent d'exploitation","District 44","Chariot élévateur- téléscopique_ ACES","10/01/2030","Durable"
"La Seguiniere","HERVOUET","SAMUEL","agent d'exploitation","District 44","Nacelles 1B _ ACES","21/01/2027","Moins de 6 mois"
"La Seguiniere","HERVOUET","SAMUEL","agent d'exploitation","District 44","Grues auxiliaires _ ACES","17/11/2027","Durable"
"La Seguiniere","HERVOUET","SAMUEL","agent d'exploitation","District 44",NA,NA,NA
"La Seguiniere","LAVAUD","HERVE","responsable d'explo","District 44","Engins de service hivernal _ ACES","25/01/2032","Durable"
"La Seguiniere","LAVAUD","HERVE","responsable d'explo","District 44","Tronçonnage","01/04/2027","Moins d'1 an"
"La Seguiniere","LAVAUD","HERVE","responsable d'explo","District 44","QUAPODES","11/06/2030","Durable"
"La Seguiniere","LAVAUD","HERVE","responsable d'explo","District 44","MTS _ Module théorique de Sécurité","12/12/2029","Durable"
"La Seguiniere","LAVAUD","HERVE","responsable d'explo","District 44","AIPR - Encadrant","15/05/2028","Durable"
"La Seguiniere","LAVAUD","HERVE","responsable d'explo","District 44"," 100CV"">Tracteur >100CV _ ACES","19/03/2036","Durable"
"La Seguiniere","LAVAUD","HERVE","responsable d'explo","District 44","Tondeuses autoportées _ ACES","19/03/2036","Durable"
"La Seguiniere","LAVAUD","HERVE","responsable d'explo","District 44","Mini-pelles _ ACES","19/03/2036","Durable"
"La Seguiniere","LAVAUD","HERVE","responsable d'explo","District 44","Chariot élévateur- téléscopique_ ACES","24/03/2027","Moins d'1 an"
"La Seguiniere","LAVAUD","HERVE","responsable d'explo","District 44","Nacelles 1B _ ACES","21/01/2027","Moins de 6 mois"
"La Seguiniere","LAVAUD","HERVE","responsable d'explo","District 44",NA,NA,NA
"La Seguiniere","LEROUX","STEPHANE","agent d'exploitation","District 44","Engins de service hivernal _ ACES","15/03/2028","Durable"
"La Seguiniere","LEROUX","STEPHANE","agent d'exploitation","District 44","Bennes amovibles _ ACES","19/04/2028","Durable"
"La Seguiniere","LEROUX","STEPHANE","agent d'exploitation","District 44","QUAPODES","Compétence exigée","Non renseignée"
"La Seguiniere","LEROUX","STEPHANE","agent d'exploitation","District 44","MTS _ Module théorique de Sécurité","12/12/2029","Durable"
"La Seguiniere","LEROUX","STEPHANE","agent d'exploitation","District 44","AIPR Opérateur","Compétence exigée","Non renseignée"
"La Seguiniere","LEROUX","STEPHANE","agent d'exploitation","District 44","Tondeuses autoportées _ ACES","29/11/2028","Durable"
"La Seguiniere","LEROUX","STEPHANE","agent d'exploitation","District 44","Tracteur >50 cv _ ACES","29/11/2028","Durable"
"La Seguiniere","LEROUX","STEPHANE","agent d'exploitation","District 44","tracteurs >50cv avec super-épareuse _ ACES engin de chantier","29/11/2028","Durable"
"La Seguiniere","LEROUX","STEPHANE","agent d'exploitation","District 44","Chariot élévateur- téléscopique_ ACES","24/03/2027","Moins d'1 an"
"La Seguiniere","LEROUX","STEPHANE","agent d'exploitation","District 44",NA,NA,NA
"La Seguiniere","PARIS","CHRISTOPHE","chef equipe a","District 44","Engins de service hivernal _ ACES","10/03/2036","Durable"
"La Seguiniere","PARIS","CHRISTOPHE","chef equipe a","District 44","Bennes amovibles _ ACES","06/11/2029","Durable"
"La Seguiniere","PARIS","CHRISTOPHE","chef equipe a","District 44","Tronçonnage","09/02/2029","Durable"
"La Seguiniere","PARIS","CHRISTOPHE","chef equipe a","District 44","QUAPODES recyclage","10/12/2026","Moins de 6 mois"
"La Seguiniere","PARIS","CHRISTOPHE","chef equipe a","District 44","MTS _ Module théorique de Sécurité","09/01/2030","Durable"
"La Seguiniere","PARIS","CHRISTOPHE","chef equipe a","District 44","AIPR - Encadrant","Compétence exigée","Non renseignée"
"La Seguiniere","PARIS","CHRISTOPHE","chef equipe a","District 44","Tondeuses autoportées _ ACES","22/11/2029","Durable"
"La Seguiniere","PARIS","CHRISTOPHE","chef equipe a","District 44","Tracteur >50 cv _ ACES","22/11/2029","Durable"
"La Seguiniere","PARIS","CHRISTOPHE","chef equipe a","District 44","tracteurs >50cv avec super-épareuse _ ACES engin de chantier","22/11/2029","Durable"
"La Seguiniere","PARIS","CHRISTOPHE","chef equipe a","District 44","Mini-pelles _ ACES","22/11/2029","Durable"
"La Seguiniere","PARIS","CHRISTOPHE","chef equipe a","District 44","Chariot élévateur- téléscopique_ ACES","10/01/2030","Durable"
"La Seguiniere","PARIS","CHRISTOPHE","chef equipe a","District 44","Grues auxiliaires _ ACES","17/11/2027","Durable"
"La Seguiniere","PARIS","CHRISTOPHE","chef equipe a","District 44",NA,NA,NA
"La Seguiniere","POGU","DAMIEN","agent d'exploitation","District 44","Engins de service hivernal _ ACES","29/01/2036","Durable"
"La Seguiniere","POGU","DAMIEN","agent d'exploitation","District 44","Bennes amovibles _ ACES","06/11/2029","Durable"
"La Seguiniere","POGU","DAMIEN","agent d'exploitation","District 44","Porte-engins _ ACES","13/04/2031","Durable"
"La Seguiniere","POGU","DAMIEN","agent d'exploitation","District 44","Tronçonnage","01/04/2027","Moins d'1 an"
"La Seguiniere","POGU","DAMIEN","agent d'exploitation","District 44","QUAPODES","Compétence exigée","Non renseignée"
"La Seguiniere","POGU","DAMIEN","agent d'exploitation","District 44","MTS _ Module théorique de Sécurité","09/01/2030","Durable"
"La Seguiniere","POGU","DAMIEN","agent d'exploitation","District 44","AIPR Opérateur","Compétence exigée","Non renseignée"
"La Seguiniere","POGU","DAMIEN","agent d'exploitation","District 44","Tondeuses autoportées _ ACES","22/11/2029","Durable"
"La Seguiniere","POGU","DAMIEN","agent d'exploitation","District 44","Tracteur >50 cv _ ACES","22/11/2029","Durable"
"La Seguiniere","POGU","DAMIEN","agent d'exploitation","District 44","tracteurs >50cv avec super-épareuse _ ACES engin de chantier","22/11/2029","Durable"
"La Seguiniere","POGU","DAMIEN","agent d'exploitation","District 44","Mini-pelles _ ACES","22/11/2029","Durable"
"La Seguiniere","POGU","DAMIEN","agent d'exploitation","District 44","Chariot élévateur- téléscopique_ ACES","10/01/2030","Durable"
"La Seguiniere","POGU","DAMIEN","agent d'exploitation","District 44","Nacelles 1B _ ACES","21/01/2027","Moins de 6 mois"
"La Seguiniere","POGU","DAMIEN","agent d'exploitation","District 44","Grues auxiliaires _ ACES","17/11/2027","Durable"
"La Seguiniere","POGU","DAMIEN","agent d'exploitation","District 44",NA,NA,NA
"La Seguiniere","VENDE","MATHIEU","agent d'exploitation","District 44","Engins de service hivernal _ ACES","25/11/2035","Durable"
"La Seguiniere","VENDE","MATHIEU","agent d'exploitation","District 44","Chargeuses, chargeuses-pelleteuses _ ACES","27/11/2035","Durable"
"La Seguiniere","VENDE","MATHIEU","agent d'exploitation","District 44","Tronçonnage","12/12/2030","Durable"
"La Seguiniere","VENDE","MATHIEU","agent d'exploitation","District 44","QUAPODES","23/05/2030","Durable"
"La Seguiniere","VENDE","MATHIEU","agent d'exploitation","District 44","MTS _ Module théorique de Sécurité","05/06/2030","Durable"
"La Seguiniere","VENDE","MATHIEU","agent d'exploitation","District 44","AIPR Opérateur","21/11/2028","Durable"
"La Seguiniere","VENDE","MATHIEU","agent d'exploitation","District 44"," 100CV"">Tracteur >100CV _ ACES","05/04/2034","Durable"
"La Seguiniere","VENDE","MATHIEU","agent d'exploitation","District 44","Chariot élévateur- téléscopique_ ACES","27/11/2030","Durable"
"La Seguiniere","VENDE","MATHIEU","agent d'exploitation","District 44","Grues auxiliaires _ ACES","05/04/2028","Durable"
"La Seguiniere","VENDE","MATHIEU","agent d'exploitation","District 44",NA,NA,NA
"La Seguiniere","VINCENT","OLIVIER","responsable d'explo","District 44","Engins de service hivernal _ ACES","25/01/2032","Durable"
"La Seguiniere","VINCENT","OLIVIER","responsable d'explo","District 44","Tronçonnage","01/04/2027","Moins d'1 an"
"La Seguiniere","VINCENT","OLIVIER","responsable d'explo","District 44","QUAPODES recyclage","10/12/2026","Moins de 6 mois"
"La Seguiniere","VINCENT","OLIVIER","responsable d'explo","District 44","MTS _ Module théorique de Sécurité","12/12/2029","Durable"
"La Seguiniere","VINCENT","OLIVIER","responsable d'explo","District 44","AIPR - Encadrant","15/05/2028","Durable"
"La Seguiniere","VINCENT","OLIVIER","responsable d'explo","District 44"," 100CV"">Tracteur >100CV _ ACES","19/03/2036","Durable"
"La Seguiniere","VINCENT","OLIVIER","responsable d'explo","District 44","Tondeuses autoportées _ ACES","19/03/2036","Durable"
"La Seguiniere","VINCENT","OLIVIER","responsable d'explo","District 44","Mini-pelles _ ACES","19/03/2036","Durable"
"La Seguiniere","VINCENT","OLIVIER","responsable d'explo","District 44","Chariot élévateur- téléscopique_ ACES","24/03/2027","Moins d'1 an"
"La Seguiniere","VINCENT","OLIVIER","responsable d'explo","District 44",NA,NA,NA
"Nantes","BERNARD","JOEL","chef equipe c","District 44","Engins de service hivernal _ ACES","29/11/2028","Durable"
"Nantes","BERNARD","JOEL","chef equipe c","District 44","Bennes amovibles _ ACES","19/04/2028","Durable"
"Nantes","BERNARD","JOEL","chef equipe c","District 44","QUAPODES recyclage","16/11/2027","Durable"
"Nantes","BERNARD","JOEL","chef equipe c","District 44","MTS _ Module théorique de Sécurité","22/05/2030","Durable"
"Nantes","BERNARD","JOEL","chef equipe c","District 44","AIPR - Encadrant","13/11/2030","Durable"
"Nantes","BERNARD","JOEL","chef equipe c","District 44","Tracteur >50 cv _ ACES","23/05/2035","Durable"
"Nantes","BERNARD","JOEL","chef equipe c","District 44",NA,NA,NA
"Nantes","BRIAND","CYRILLE","chef equipe b","District 44","Engins de service hivernal _ ACES","29/11/2028","Durable"
"Nantes","BRIAND","CYRILLE","chef equipe b","District 44","QUAPODES recyclage","28/02/2028","Durable"
"Nantes","BRIAND","CYRILLE","chef equipe b","District 44","MTS _ Module théorique de Sécurité","17/03/2031","Durable"
"Nantes","BRIAND","CYRILLE","chef equipe b","District 44","AIPR - Encadrant","19/12/2028","Durable"
"Nantes","BRIAND","CYRILLE","chef equipe b","District 44",NA,NA,NA
"Nantes","CHAPLAIS","PIERRE","agent d'exploitation","District 44","QUAPODES","23/05/2030","Durable"
"Nantes","CHAPLAIS","PIERRE","agent d'exploitation","District 44","MTS _ Module théorique de Sécurité","05/06/2030","Durable"
"Nantes","CHAPLAIS","PIERRE","agent d'exploitation","District 44","AIPR Opérateur","06/11/2030","Durable"
"Nantes","CHAPLAIS","PIERRE","agent d'exploitation","District 44",NA,NA,NA
"Nantes","DEBARRE","SEBASTIEN","agent d'exploitation","District 44","Engins de service hivernal _ ACES","21/05/2036","Durable"
"Nantes","DEBARRE","SEBASTIEN","agent d'exploitation","District 44","QUAPODES","19/03/2031","Durable"
"Nantes","DEBARRE","SEBASTIEN","agent d'exploitation","District 44","MTS _ Module théorique de Sécurité","17/03/2031","Durable"
"Nantes","DEBARRE","SEBASTIEN","agent d'exploitation","District 44",NA,NA,NA
"Nantes","DERIAN","ANTHONY","responsable d'explo","District 44","Engins de service hivernal _ ACES","07/12/2027","Durable"
"Nantes","DERIAN","ANTHONY","responsable d'explo","District 44","Bennes amovibles _ ACES","07/12/2032","Durable"
"Nantes","DERIAN","ANTHONY","responsable d'explo","District 44","Chargeuses, chargeuses-pelleteuses _ ACES","11/12/2030","Durable"
"Nantes","DERIAN","ANTHONY","responsable d'explo","District 44","Porte-engins _ ACES","06/07/2028","Durable"
"Nantes","DERIAN","ANTHONY","responsable d'explo","District 44","Tronçonnage","31/01/2030","Durable"
"Nantes","DERIAN","ANTHONY","responsable d'explo","District 44","AIPR Opérateur","28/02/2028","Durable"
"Nantes","DERIAN","ANTHONY","responsable d'explo","District 44","Tondeuses autoportées _ ACES","14/06/2033","Durable"
"Nantes","DERIAN","ANTHONY","responsable d'explo","District 44","Tracteur >50 cv _ ACES","14/06/2033","Durable"
"Nantes","DERIAN","ANTHONY","responsable d'explo","District 44","tracteurs >50cv avec super-épareuse _ ACES engin de chantier","14/06/2033","Durable"
"Nantes","DERIAN","ANTHONY","responsable d'explo","District 44","Nacelles 1B _ ACES","31/03/2028","Durable"
"Nantes","DERIAN","ANTHONY","responsable d'explo","District 44","Nacelles 3B _ ACES","31/03/2028","Durable"
"Nantes","DERIAN","ANTHONY","responsable d'explo","District 44","Gerbeur _ ACES","05/09/2027","Durable"
"Nantes","DERIAN","ANTHONY","responsable d'explo","District 44","Grues auxiliaires _ ACES","07/12/2027","Durable"
"Nantes","DERIAN","ANTHONY","responsable d'explo","District 44",NA,NA,NA
"Nantes","DUBOIS","OLIVIER","responsable d'explo","District 44","QUAPODES","Compétence exigée","Non renseignée"
"Nantes","DUBOIS","OLIVIER","responsable d'explo","District 44","MTS _ Module théorique de Sécurité","09/01/2030","Durable"
"Nantes","DUBOIS","OLIVIER","responsable d'explo","District 44","AIPR - Encadrant","13/11/2030","Durable"
"Nantes","DUBOIS","OLIVIER","responsable d'explo","District 44","Chariot élévateur- téléscopique_ ACES","10/01/2030","Durable"
"Nantes","DUBOIS","OLIVIER","responsable d'explo","District 44",NA,NA,NA
"Nantes","GUIHO","JEAN-MARC","agent d'exploitation","District 44","Engins de service hivernal _ ACES","08/11/2028","Durable"
"Nantes","GUIHO","JEAN-MARC","agent d'exploitation","District 44","Bennes amovibles _ ACES","19/04/2028","Durable"
"Nantes","GUIHO","JEAN-MARC","agent d'exploitation","District 44","Tronçonnage","25/01/2029","Durable"
"Nantes","GUIHO","JEAN-MARC","agent d'exploitation","District 44","QUAPODES recyclage","14/03/2028","Durable"
"Nantes","GUIHO","JEAN-MARC","agent d'exploitation","District 44","MTS _ Module théorique de Sécurité","22/05/2030","Durable"
"Nantes","GUIHO","JEAN-MARC","agent d'exploitation","District 44","AIPR Opérateur","11/12/2028","Durable"
"Nantes","GUIHO","JEAN-MARC","agent d'exploitation","District 44",NA,NA,NA
"Nantes","GUILLOSSOU","GREGORY","responsable d'explo","District 44","QUAPODES recyclage","28/02/2028","Durable"
"Nantes","GUILLOSSOU","GREGORY","responsable d'explo","District 44","AIPR - Encadrant","13/11/2030","Durable"
"Nantes","GUILLOSSOU","GREGORY","responsable d'explo","District 44","Gerbeur _ ACES","07/09/2027","Durable"
"Nantes","GUILLOSSOU","GREGORY","responsable d'explo","District 44",NA,NA,NA
"Nantes","GUYON","VINCENT","agent d'exploitation","District 44","Engins de service hivernal _ ACES","21/05/2036","Durable"
"Nantes","GUYON","VINCENT","agent d'exploitation","District 44","QUAPODES","19/03/2031","Durable"
"Nantes","GUYON","VINCENT","agent d'exploitation","District 44","MTS _ Module théorique de Sécurité","17/03/2031","Durable"
"Nantes","GUYON","VINCENT","agent d'exploitation","District 44",NA,NA,NA
"Nantes","HECHT","FRANCK","agent d'exploitation","District 44","Engins de service hivernal _ ACES","09/12/2026","Moins de 6 mois"
"Nantes","HECHT","FRANCK","agent d'exploitation","District 44","QUAPODES","Compétence exigée","Non renseignée"
"Nantes","HECHT","FRANCK","agent d'exploitation","District 44","MTS _ Module théorique de Sécurité","22/05/2030","Durable"
"Nantes","HECHT","FRANCK","agent d'exploitation","District 44","AIPR Opérateur","Compétence exigée","Non renseignée"
"Nantes","HECHT","FRANCK","agent d'exploitation","District 44","Tracteur >50 cv _ ACES","23/05/2035","Durable"
"Nantes","HECHT","FRANCK","agent d'exploitation","District 44","Gerbeur _ ACES","07/09/2027","Durable"
"Nantes","HECHT","FRANCK","agent d'exploitation","District 44",NA,NA,NA
"Nantes","HERVO","BENOIST",NA,"District 44","Engins de service hivernal _ ACES","29/11/2028","Durable"
"Nantes","HERVO","BENOIST",NA,"District 44","QUAPODES recyclage","29/06/2028","Durable"
"Nantes","HERVO","BENOIST",NA,"District 44","MTS _ Module théorique de Sécurité","22/05/2030","Durable"
"Nantes","HERVO","BENOIST",NA,"District 44","AIPR - Encadrant","19/12/2028","Durable"
"Nantes","HERVO","BENOIST",NA,"District 44","AIPR Opérateur","10/11/2026","Moins de 6 mois"
"Nantes","HERVO","BENOIST",NA,"District 44","Tracteur >50 cv _ ACES","23/05/2035","Durable"
"Nantes","HERVO","BENOIST-CHARLES","chef equipe d","District 44",NA,NA,NA
"Nantes","LEFORT","DAVID","agent d'exploitation","District 44","Engins de service hivernal _ ACES","10/11/2033","Durable"
"Nantes","LEFORT","DAVID","agent d'exploitation","District 44","Bennes amovibles _ ACES","05/04/2034","Durable"
"Nantes","LEFORT","DAVID","agent d'exploitation","District 44","Tronçonnage","09/02/2029","Durable"
"Nantes","LEFORT","DAVID","agent d'exploitation","District 44","QUAPODES","Compétence exigée","Non renseignée"
"Nantes","LEFORT","DAVID","agent d'exploitation","District 44","MTS _ Module théorique de Sécurité","09/01/2030","Durable"
"Nantes","LEFORT","DAVID","agent d'exploitation","District 44","AIPR Opérateur","Compétence exigée","Non renseignée"
"Nantes","LEFORT","DAVID","agent d'exploitation","District 44","Tracteur >50 cv _ ACES","23/05/2035","Durable"
"Nantes","LEFORT","DAVID","agent d'exploitation","District 44","Chariot élévateur- téléscopique_ ACES","10/01/2030","Durable"
"Nantes","LEFORT","DAVID","agent d'exploitation","District 44","Grues auxiliaires _ ACES","05/04/2029","Durable"
"Nantes","LEFORT","DAVID","agent d'exploitation","District 44",NA,NA,NA
"Nantes","LERAY","GARY","agent d'exploitation","District 44","QUAPODES","18/09/2030","Durable"
"Nantes","LERAY","GARY","agent d'exploitation","District 44","MTS _ Module théorique de Sécurité","16/09/2030","Durable"
"Nantes","LERAY","GARY","agent d'exploitation","District 44","AIPR Opérateur","06/11/2030","Durable"
"Nantes","LERAY","GARY","agent d'exploitation","District 44",NA,NA,NA
"Nantes","LERAY","GREGORY","agent d'exploitation","District 44","Tronçonnage","09/02/2029","Durable"
"Nantes","LERAY","GREGORY","agent d'exploitation","District 44","QUAPODES","19/03/2029","Durable"
"Nantes","LERAY","GREGORY","agent d'exploitation","District 44","MTS _ Module théorique de Sécurité","09/01/2030","Durable"
"Nantes","LERAY","GREGORY","agent d'exploitation","District 44","AIPR Opérateur","Compétence exigée","Non renseignée"
"Nantes","LERAY","GREGORY","agent d'exploitation","District 44"," 100CV"">Tracteur >100CV _ ACES","19/04/2034","Durable"
"Nantes","LERAY","GREGORY","agent d'exploitation","District 44","Tracteur >50 cv _ ACES","23/05/2035","Durable"
"Nantes","LERAY","GREGORY","agent d'exploitation","District 44","Chariot élévateur- téléscopique_ ACES","10/01/2030","Durable"
"Nantes","LERAY","GREGORY","agent d'exploitation","District 44",NA,NA,NA
"Nantes","MALESTROIT","FLORIAN","agent d'exploitation","District 44","Tronçonnage","12/12/2030","Durable"
"Nantes","MALESTROIT","FLORIAN","agent d'exploitation","District 44","QUAPODES","06/02/2030","Durable"
"Nantes","MALESTROIT","FLORIAN","agent d'exploitation","District 44","MTS _ Module théorique de Sécurité","04/02/2030","Durable"
"Nantes","MALESTROIT","FLORIAN","agent d'exploitation","District 44","AIPR Opérateur","Compétence exigée","Non renseignée"
"Nantes","MALESTROIT","FLORIAN","agent d'exploitation","District 44",NA,NA,NA
"Nantes","MAUGAS","DENIS","agent d'exploitation","District 44","Engins de service hivernal _ ACES","28/03/2029","Durable"
"Nantes","MAUGAS","DENIS","agent d'exploitation","District 44","Tronçonnage","25/01/2029","Durable"
"Nantes","MAUGAS","DENIS","agent d'exploitation","District 44","QUAPODES recyclage","14/03/2028","Durable"
"Nantes","MAUGAS","DENIS","agent d'exploitation","District 44","MTS _ Module théorique de Sécurité","22/05/2030","Durable"
"Nantes","MAUGAS","DENIS","agent d'exploitation","District 44","AIPR Opérateur","Compétence exigée","Non renseignée"
"Nantes","MAUGAS","DENIS","agent d'exploitation","District 44","Tondeuses autoportées _ ACES","10/03/2033","Durable"
"Nantes","MAUGAS","DENIS","agent d'exploitation","District 44","Tracteur >50 cv _ ACES","10/03/2033","Durable"
"Nantes","MAUGAS","DENIS","agent d'exploitation","District 44","tracteurs >50cv avec super-épareuse _ ACES engin de chantier","10/03/2033","Durable"
"Nantes","MAUGAS","DENIS","agent d'exploitation","District 44",NA,NA,NA
"Nantes","MONNIER","ERIC","agent d'exploitation","District 44","Engins de service hivernal _ ACES","29/11/2028","Durable"
"Nantes","MONNIER","ERIC","agent d'exploitation","District 44","QUAPODES recyclage","10/12/2026","Moins de 6 mois"
"Nantes","MONNIER","ERIC","agent d'exploitation","District 44","MTS _ Module théorique de Sécurité","09/01/2030","Durable"
"Nantes","MONNIER","ERIC","agent d'exploitation","District 44","AIPR Opérateur","Compétence exigée","Non renseignée"
"Nantes","MONNIER","ERIC","agent d'exploitation","District 44","Tracteur >50 cv _ ACES","23/05/2035","Durable"
"Nantes","MONNIER","ERIC","agent d'exploitation","District 44","Chariot élévateur- téléscopique_ ACES","10/01/2030","Durable"
"Nantes","MONNIER","ERIC","agent d'exploitation","District 44",NA,NA,NA
"Nantes","MOREAU","DAVID","agent d'exploitation","District 44",NA,NA,NA
"Nantes","MOREAU","DAVID-J",NA,"District 44","Engins de service hivernal _ ACES","10/03/2036","Durable"
"Nantes","MOREAU","DAVID-J",NA,"District 44","QUAPODES","Compétence exigée","Non renseignée"
"Nantes","MOREAU","DAVID-J",NA,"District 44","AIPR Opérateur","06/11/2030","Durable"
"Nantes","PETIT","THIERRY","agent d'exploitation","District 44","Tronçonnage","25/01/2029","Durable"
"Nantes","PETIT","THIERRY","agent d'exploitation","District 44","QUAPODES","Compétence exigée","Non renseignée"
"Nantes","PETIT","THIERRY","agent d'exploitation","District 44","MTS _ Module théorique de Sécurité","14/02/2030","Durable"
"Nantes","PETIT","THIERRY","agent d'exploitation","District 44","AIPR Opérateur","06/11/2030","Durable"
"Nantes","PETIT","THIERRY","agent d'exploitation","District 44",NA,NA,NA
"Nantes","ROBERT","OLIVIER","chef equipe a","District 44","QUAPODES","Compétence exigée","Non renseignée"
"Nantes","ROBERT","OLIVIER","chef equipe a","District 44","MTS _ Module théorique de Sécurité","09/01/2030","Durable"
"Nantes","ROBERT","OLIVIER","chef equipe a","District 44","AIPR - Encadrant","13/11/2030","Durable"
"Nantes","ROBERT","OLIVIER","chef equipe a","District 44","Chariot élévateur- téléscopique_ ACES","10/01/2030","Durable"
"Nantes","ROBERT","OLIVIER","chef equipe a","District 44",NA,NA,NA
"Nantes","ROUILLE","JEAN-MICHEL","responsable de cei","District 44","QUAPODES","Compétence exigée","Non renseignée"
"Nantes","ROUILLE","JEAN-MICHEL","responsable de cei","District 44","AIPR - Encadrant","13/11/2030","Durable"
"Nantes","ROUILLE","JEAN-MICHEL","responsable de cei","District 44",NA,NA,NA
"Nantes","ROUX","DAVID","agent d'exploitation","District 44","Engins de service hivernal _ ACES","03/01/2033","Durable"
"Nantes","ROUX","DAVID","agent d'exploitation","District 44","Tronçonnage","24/02/2028","Durable"
"Nantes","ROUX","DAVID","agent d'exploitation","District 44","QUAPODES","22/06/2028","Durable"
"Nantes","ROUX","DAVID","agent d'exploitation","District 44","MTS _ Module théorique de Sécurité","14/02/2030","Durable"
"Nantes","ROUX","DAVID","agent d'exploitation","District 44","AIPR Opérateur","28/02/2028","Durable"
"Nantes","ROUX","DAVID","agent d'exploitation","District 44","Tracteur >50 cv _ ACES","23/05/2035","Durable"
"Nantes","ROUX","DAVID","agent d'exploitation","District 44","Nacelles 1B _ ACES","31/03/2028","Durable"
"Nantes","ROUX","DAVID","agent d'exploitation","District 44","Nacelles 3B _ ACES","31/03/2028","Durable"
"Nantes","ROUX","DAVID","agent d'exploitation","District 44",NA,NA,NA
"Nantes","SAINTE-ROSE","AUGUSTE",NA,"District 44","Engins de service hivernal _ ACES","21/05/2036","Durable"
"Nantes","SAINTE-ROSE","AUGUSTE",NA,"District 44","Tronçonnage","16/02/2029","Durable"
"Nantes","SAINTE-ROSE","AUGUSTE",NA,"District 44","QUAPODES recyclage","28/02/2028","Durable"
"Nantes","SAINTE-ROSE","AUGUSTE",NA,"District 44","MTS _ Module théorique de Sécurité","14/02/2030","Durable"
"Nantes","SAINTE-ROSE","AUGUSTE",NA,"District 44","AIPR Opérateur","11/12/2028","Durable"
"Nantes","SAINTE-ROSE","AUGUSTE",NA,"District 44","Tondeuses autoportées _ ACES","10/03/2033","Durable"
"Nantes","SAINTE-ROSE","AUGUSTE",NA,"District 44","Tracteur >50 cv _ ACES","23/05/2035","Durable"
"Nantes","SAINTE-ROSE","AUGUSTE",NA,"District 44","tracteurs >50cv avec super-épareuse _ ACES engin de chantier","10/03/2033","Durable"
"Nantes","SAINTE ROSE","AUGUSTE","agent d'exploitation","District 44",NA,NA,NA
"Nantes","SOILIHI","ASSAD","agent d'exploitation","District 44","Bennes amovibles _ ACES","19/03/2034","Durable"
"Nantes","SOILIHI","ASSAD","agent d'exploitation","District 44","Tronçonnage","01/04/2027","Moins d'1 an"
"Nantes","SOILIHI","ASSAD","agent d'exploitation","District 44","QUAPODES","Compétence exigée","Non renseignée"
"Nantes","SOILIHI","ASSAD","agent d'exploitation","District 44","MTS _ Module théorique de Sécurité","14/02/2030","Durable"
"Nantes","SOILIHI","ASSAD","agent d'exploitation","District 44","AIPR Opérateur","Compétence exigée","Non renseignée"
"Nantes","SOILIHI","ASSAD","agent d'exploitation","District 44","Tondeuses autoportées _ ACES","10/03/2033","Durable"
"Nantes","SOILIHI","ASSAD","agent d'exploitation","District 44","Tracteur >50 cv _ ACES","10/03/2033","Durable"
"Nantes","SOILIHI","ASSAD","agent d'exploitation","District 44","tracteurs >50cv avec super-épareuse _ ACES engin de chantier","10/03/2033","Durable"
"Nantes","SOILIHI","ASSAD","agent d'exploitation","District 44","Nacelles 1B _ ACES","19/09/2028","Durable"
"Nantes","SOILIHI","ASSAD","agent d'exploitation","District 44","Grues auxiliaires _ ACES","19/03/2029","Durable"
"Nantes","SOILIHI","ASSAD","agent d'exploitation","District 44",NA,NA,NA
"Nantes","SUZANNE","ALEXANDRE","agent d'exploitation","District 44","Engins de service hivernal _ ACES","21/05/2036","Durable"
"Nantes","SUZANNE","ALEXANDRE","agent d'exploitation","District 44","QUAPODES","19/03/2031","Durable"
"Nantes","SUZANNE","ALEXANDRE","agent d'exploitation","District 44","MTS _ Module théorique de Sécurité","17/03/2031","Durable"
"Nantes","SUZANNE","ALEXANDRE","agent d'exploitation","District 44",NA,NA,NA
"Savenay","BALY","CHRISTOPHE","adjoint.e chef cei","District 44","QUAPODES","11/06/2030","Durable"
"Savenay","BALY","CHRISTOPHE","adjoint.e chef cei","District 44","AIPR - Encadrant","Compétence exigée","Non renseignée"
"Savenay","BALY","CHRISTOPHE","adjoint.e chef cei","District 44",NA,NA,NA
"Savenay","BERTOLDI","EMMANUEL","responsable d'explo","District 44","Engins de service hivernal _ ACES","31/01/2029","Durable"
"Savenay","BERTOLDI","EMMANUEL","responsable d'explo","District 44","Bennes amovibles _ ACES","08/04/2032","Durable"
"Savenay","BERTOLDI","EMMANUEL","responsable d'explo","District 44","Chargeuses, chargeuses-pelleteuses _ ACES","24/05/2032","Durable"
"Savenay","BERTOLDI","EMMANUEL","responsable d'explo","District 44","Tronçonnage","12/12/2030","Durable"
"Savenay","BERTOLDI","EMMANUEL","responsable d'explo","District 44","QUAPODES","16/11/2027","Durable"
"Savenay","BERTOLDI","EMMANUEL","responsable d'explo","District 44","MTS _ Module théorique de Sécurité","22/11/2029","Durable"
"Savenay","BERTOLDI","EMMANUEL","responsable d'explo","District 44","AIPR - Encadrant","Compétence exigée","Non renseignée"
"Savenay","BERTOLDI","EMMANUEL","responsable d'explo","District 44","AIPR Opérateur","10/11/2026","Moins de 6 mois"
"Savenay","BERTOLDI","EMMANUEL","responsable d'explo","District 44","Tondeuses autoportées _ ACES","24/05/2032","Durable"
"Savenay","BERTOLDI","EMMANUEL","responsable d'explo","District 44","Tracteur >50 cv _ ACES","24/05/2032","Durable"
"Savenay","BERTOLDI","EMMANUEL","responsable d'explo","District 44","tracteurs >50cv avec super-épareuse _ ACES engin de chantier","24/05/2032","Durable"
"Savenay","BERTOLDI","EMMANUEL","responsable d'explo","District 44","Grues auxiliaires _ ACES","08/04/2027","Moins d'1 an"
"Savenay","BERTOLDI","EMMANUEL","responsable d'explo","District 44",NA,NA,NA
"Savenay","BEZIER","SIMON","agent d'exploitation","District 44","Engins de service hivernal _ ACES","29/01/2036","Durable"
"Savenay","BEZIER","SIMON","agent d'exploitation","District 44","Bennes amovibles _ ACES","08/04/2032","Durable"
"Savenay","BEZIER","SIMON","agent d'exploitation","District 44","Porte-engins _ ACES","13/04/2031","Durable"
"Savenay","BEZIER","SIMON","agent d'exploitation","District 44","Tronçonnage","12/12/2030","Durable"
"Savenay","BEZIER","SIMON","agent d'exploitation","District 44","QUAPODES","14/03/2030","Durable"
"Savenay","BEZIER","SIMON","agent d'exploitation","District 44","MTS _ Module théorique de Sécurité","06/12/2029","Durable"
"Savenay","BEZIER","SIMON","agent d'exploitation","District 44","AIPR Opérateur","28/10/2030","Durable"
"Savenay","BEZIER","SIMON","agent d'exploitation","District 44","Tondeuses autoportées _ ACES","14/12/2028","Durable"
"Savenay","BEZIER","SIMON","agent d'exploitation","District 44","Tracteur >50 cv _ ACES","14/12/2028","Durable"
"Savenay","BEZIER","SIMON","agent d'exploitation","District 44","tracteurs >50cv avec super-épareuse _ ACES engin de chantier","11/12/2030","Durable"
"Savenay","BEZIER","SIMON","agent d'exploitation","District 44","Grues auxiliaires _ ACES","08/04/2027","Moins d'1 an"
"Savenay","BEZIER","SIMON","agent d'exploitation","District 44",NA,NA,NA
"Savenay","BOULAY","CHRISTOPHE","agent d'exploitation","District 44","Engins de service hivernal _ ACES","06/11/2035","Durable"
"Savenay","BOULAY","CHRISTOPHE","agent d'exploitation","District 44","QUAPODES","18/09/2030","Durable"
"Savenay","BOULAY","CHRISTOPHE","agent d'exploitation","District 44","MTS _ Module théorique de Sécurité","16/09/2030","Durable"
"Savenay","BOULAY","CHRISTOPHE","agent d'exploitation","District 44","AIPR Opérateur","28/10/2030","Durable"
"Savenay","BOULAY","CHRISTOPHE","agent d'exploitation","District 44",NA,NA,NA
"Savenay","BRASSART","GREGORY","agent d'exploitation","District 44",NA,NA,NA
"Savenay","BRASSART","GREGORY-JR",NA,"District 44","Engins de service hivernal _ ACES","10/11/2033","Durable"
"Savenay","BRASSART","GREGORY-JR",NA,"District 44","Bennes amovibles _ ACES","05/04/2034","Durable"
"Savenay","BRASSART","GREGORY-JR",NA,"District 44","Tronçonnage","06/02/2031","Durable"
"Savenay","BRASSART","GREGORY-JR",NA,"District 44","QUAPODES","14/03/2030","Durable"
"Savenay","BRASSART","GREGORY-JR",NA,"District 44","MTS _ Module théorique de Sécurité","22/11/2029","Durable"
"Savenay","BRASSART","GREGORY-JR",NA,"District 44","AIPR Opérateur","Compétence exigée","Non renseignée"
"Savenay","BRASSART","GREGORY-JR",NA,"District 44"," 100CV"">Tracteur >100CV _ ACES","19/04/2034","Durable"
"Savenay","BRASSART","GREGORY-JR",NA,"District 44","Mini-pelles _ ACES","19/05/2031","Durable"
"Savenay","BRASSART","GREGORY-JR",NA,"District 44","Gerbeur _ ACES","11/03/2030","Durable"
"Savenay","BRASSART","GREGORY-JR",NA,"District 44","Grues auxiliaires _ ACES","05/04/2029","Durable"
"Savenay","CHARLIER","ROMAIN","agent d'exploitation","District 44","Bennes amovibles _ ACES","08/04/2032","Durable"
"Savenay","CHARLIER","ROMAIN","agent d'exploitation","District 44","CACES R490 : grues de chargement","10/01/2033","Durable"
"Savenay","CHARLIER","ROMAIN","agent d'exploitation","District 44","Tronçonnage","13/02/2031","Durable"
"Savenay","CHARLIER","ROMAIN","agent d'exploitation","District 44","QUAPODES","14/03/2030","Durable"
"Savenay","CHARLIER","ROMAIN","agent d'exploitation","District 44","AIPR Opérateur","28/10/2030","Durable"
"Savenay","CHARLIER","ROMAIN","agent d'exploitation","District 44","tracteurs >50cv avec super-épareuse _ ACES engin de chantier","11/12/2030","Durable"
"Savenay","CHARLIER","ROMAIN","agent d'exploitation","District 44","CACES R489 cat3 : chariots automoteurs à conducteur porté","06/01/2033","Durable"
"Savenay","CHARLIER","ROMAIN","agent d'exploitation","District 44","CACES R486 B : PEMP Nacelle 3B","05/01/2033","Durable"
"Savenay","CHARLIER","ROMAIN","agent d'exploitation","District 44","Grues auxiliaires _ ACES","08/04/2027","Moins d'1 an"
"Savenay","CHARLIER","ROMAIN","agent d'exploitation","District 44",NA,NA,NA
"Savenay","DUVAL","JEAN","agent d'exploitation","District 44","Engins de service hivernal _ ACES","06/11/2035","Durable"
"Savenay","DUVAL","JEAN","agent d'exploitation","District 44","Bennes amovibles _ ACES","10/02/2036","Durable"
"Savenay","DUVAL","JEAN","agent d'exploitation","District 44","Tronçonnage","28/02/2030","Durable"
"Savenay","DUVAL","JEAN","agent d'exploitation","District 44","QUAPODES","27/03/2030","Durable"
"Savenay","DUVAL","JEAN","agent d'exploitation","District 44","MTS _ Module théorique de Sécurité","25/03/2030","Durable"
"Savenay","DUVAL","JEAN","agent d'exploitation","District 44","AIPR Opérateur","28/10/2030","Durable"
"Savenay","DUVAL","JEAN","agent d'exploitation","District 44",NA,NA,NA
"Savenay","ETIENNE","RAPHAEL","agent d'exploitation","District 44","Engins de service hivernal _ ACES","29/01/2036","Durable"
"Savenay","ETIENNE","RAPHAEL","agent d'exploitation","District 44","Bennes amovibles _ ACES","08/04/2032","Durable"
"Savenay","ETIENNE","RAPHAEL","agent d'exploitation","District 44","Tronçonnage","06/02/2031","Durable"
"Savenay","ETIENNE","RAPHAEL","agent d'exploitation","District 44","QUAPODES","Compétence exigée","Non renseignée"
"Savenay","ETIENNE","RAPHAEL","agent d'exploitation","District 44","MTS _ Module théorique de Sécurité","06/12/2029","Durable"
"Savenay","ETIENNE","RAPHAEL","agent d'exploitation","District 44","AIPR Opérateur","28/10/2030","Durable"
"Savenay","ETIENNE","RAPHAEL","agent d'exploitation","District 44","tracteurs >50cv avec super-épareuse _ ACES engin de chantier","19/02/2031","Durable"
"Savenay","ETIENNE","RAPHAEL","agent d'exploitation","District 44","Mini-pelles _ ACES","19/05/2031","Durable"
"Savenay","ETIENNE","RAPHAEL","agent d'exploitation","District 44","Gerbeur _ ACES","11/03/2030","Durable"
"Savenay","ETIENNE","RAPHAEL","agent d'exploitation","District 44","Grues auxiliaires _ ACES","08/04/2027","Moins d'1 an"
"Savenay","ETIENNE","RAPHAEL","agent d'exploitation","District 44",NA,NA,NA
"Savenay","FORTUNE","GREGORY","chef equipe c","District 44","Engins de service hivernal _ ACES","20/12/2029","Durable"
"Savenay","FORTUNE","GREGORY","chef equipe c","District 44","Bennes amovibles _ ACES","19/03/2034","Durable"
"Savenay","FORTUNE","GREGORY","chef equipe c","District 44","Tronçonnage","06/02/2031","Durable"
"Savenay","FORTUNE","GREGORY","chef equipe c","District 44","QUAPODES","14/03/2030","Durable"
"Savenay","FORTUNE","GREGORY","chef equipe c","District 44","MTS _ Module théorique de Sécurité","06/12/2029","Durable"
"Savenay","FORTUNE","GREGORY","chef equipe c","District 44","AIPR - Encadrant","Compétence exigée","Non renseignée"
"Savenay","FORTUNE","GREGORY","chef equipe c","District 44"," 100CV"">Tracteur >100CV _ ACES","19/04/2034","Durable"
"Savenay","FORTUNE","GREGORY","chef equipe c","District 44","Gerbeur _ ACES","11/03/2030","Durable"
"Savenay","FORTUNE","GREGORY","chef equipe c","District 44","Grues auxiliaires _ ACES","19/03/2029","Durable"
"Savenay","FORTUNE","GREGORY","chef equipe c","District 44",NA,NA,NA
"Savenay","GAGNE","FABRICE","agent d'exploitation","District 44","Engins de service hivernal _ ACES","08/11/2028","Durable"
"Savenay","GAGNE","FABRICE","agent d'exploitation","District 44","Bennes amovibles _ ACES","05/04/2034","Durable"
"Savenay","GAGNE","FABRICE","agent d'exploitation","District 44","Chargeuses, chargeuses-pelleteuses _ ACES","24/05/2032","Durable"
"Savenay","GAGNE","FABRICE","agent d'exploitation","District 44","Tronçonnage","13/02/2031","Durable"
"Savenay","GAGNE","FABRICE","agent d'exploitation","District 44","QUAPODES recyclage","10/06/2031","Durable"
"Savenay","GAGNE","FABRICE","agent d'exploitation","District 44","MTS _ Module théorique de Sécurité","06/12/2029","Durable"
"Savenay","GAGNE","FABRICE","agent d'exploitation","District 44","AIPR Opérateur","Compétence exigée","Non renseignée"
"Savenay","GAGNE","FABRICE","agent d'exploitation","District 44","Tondeuses autoportées _ ACES","24/05/2032","Durable"
"Savenay","GAGNE","FABRICE","agent d'exploitation","District 44","Tracteur >50 cv _ ACES","24/05/2032","Durable"
"Savenay","GAGNE","FABRICE","agent d'exploitation","District 44","tracteurs >50cv avec super-épareuse _ ACES engin de chantier","24/05/2032","Durable"
"Savenay","GAGNE","FABRICE","agent d'exploitation","District 44","Grues auxiliaires _ ACES","05/04/2029","Durable"
"Savenay","GAGNE","FABRICE","agent d'exploitation","District 44",NA,NA,NA
"Savenay","GUILLERM","PHILIPPE","chef equipe d","District 44","Engins de service hivernal _ ACES","20/12/2029","Durable"
"Savenay","GUILLERM","PHILIPPE","chef equipe d","District 44","Bennes amovibles _ ACES","19/03/2034","Durable"
"Savenay","GUILLERM","PHILIPPE","chef equipe d","District 44","Tronçonnage","13/02/2031","Durable"
"Savenay","GUILLERM","PHILIPPE","chef equipe d","District 44","QUAPODES recyclage","10/06/2031","Durable"
"Savenay","GUILLERM","PHILIPPE","chef equipe d","District 44","MTS _ Module théorique de Sécurité","06/12/2029","Durable"
"Savenay","GUILLERM","PHILIPPE","chef equipe d","District 44","AIPR - Encadrant","Compétence exigée","Non renseignée"
"Savenay","GUILLERM","PHILIPPE","chef equipe d","District 44","tracteurs >50cv avec super-épareuse _ ACES engin de chantier","19/02/2031","Durable"
"Savenay","GUILLERM","PHILIPPE","chef equipe d","District 44","Grues auxiliaires _ ACES","19/03/2029","Durable"
"Savenay","GUILLERM","PHILIPPE","chef equipe d","District 44",NA,NA,NA
"Savenay","LECOMTE","SEBASTIEN","agent d'exploitation","District 44","Engins de service hivernal _ ACES","29/01/2036","Durable"
"Savenay","LECOMTE","SEBASTIEN","agent d'exploitation","District 44","Bennes amovibles _ ACES","10/02/2036","Durable"
"Savenay","LECOMTE","SEBASTIEN","agent d'exploitation","District 44","Porte-engins _ ACES","18/04/2029","Durable"
"Savenay","LECOMTE","SEBASTIEN","agent d'exploitation","District 44","Tronçonnage","28/02/2030","Durable"
"Savenay","LECOMTE","SEBASTIEN","agent d'exploitation","District 44","QUAPODES","27/03/2030","Durable"
"Savenay","LECOMTE","SEBASTIEN","agent d'exploitation","District 44","MTS _ Module théorique de Sécurité","25/03/2030","Durable"
"Savenay","LECOMTE","SEBASTIEN","agent d'exploitation","District 44","AIPR Opérateur","16/04/2029","Durable"
"Savenay","LECOMTE","SEBASTIEN","agent d'exploitation","District 44"," 100CV"">Tracteur >100CV _ ACES","15/09/2032","Durable"
"Savenay","LECOMTE","SEBASTIEN","agent d'exploitation","District 44","Gerbeur _ ACES","11/03/2030","Durable"
"Savenay","LECOMTE","SEBASTIEN","agent d'exploitation","District 44",NA,NA,NA
"Savenay","LEGENTILHOMME","YANN","agent d'exploitation","District 44","Engins de service hivernal _ ACES","10/11/2033","Durable"
"Savenay","LEGENTILHOMME","YANN","agent d'exploitation","District 44","Bennes amovibles _ ACES","05/04/2034","Durable"
"Savenay","LEGENTILHOMME","YANN","agent d'exploitation","District 44","Tronçonnage","06/02/2031","Durable"
"Savenay","LEGENTILHOMME","YANN","agent d'exploitation","District 44","QUAPODES","14/03/2030","Durable"
"Savenay","LEGENTILHOMME","YANN","agent d'exploitation","District 44","MTS _ Module théorique de Sécurité","06/12/2029","Durable"
"Savenay","LEGENTILHOMME","YANN","agent d'exploitation","District 44","AIPR Opérateur","28/10/2030","Durable"
"Savenay","LEGENTILHOMME","YANN","agent d'exploitation","District 44"," 100CV"">Tracteur >100CV _ ACES","19/04/2034","Durable"
"Savenay","LEGENTILHOMME","YANN","agent d'exploitation","District 44","Gerbeur _ ACES","11/03/2030","Durable"
"Savenay","LEGENTILHOMME","YANN","agent d'exploitation","District 44","Grues auxiliaires _ ACES","05/04/2029","Durable"
"Savenay","LEGENTILHOMME","YANN","agent d'exploitation","District 44",NA,NA,NA
"Savenay","LEROUX","DENIS","agent d'exploitation","District 44","Engins de service hivernal _ ACES","10/11/2033","Durable"
"Savenay","LEROUX","DENIS","agent d'exploitation","District 44","Bennes amovibles _ ACES","08/04/2032","Durable"
"Savenay","LEROUX","DENIS","agent d'exploitation","District 44","Chargeuses, chargeuses-pelleteuses _ ACES","24/05/2032","Durable"
"Savenay","LEROUX","DENIS","agent d'exploitation","District 44","Tronçonnage","12/12/2030","Durable"
"Savenay","LEROUX","DENIS","agent d'exploitation","District 44","QUAPODES","14/03/2030","Durable"
"Savenay","LEROUX","DENIS","agent d'exploitation","District 44","MTS _ Module théorique de Sécurité","06/12/2029","Durable"
"Savenay","LEROUX","DENIS","agent d'exploitation","District 44","AIPR Opérateur","28/10/2030","Durable"
"Savenay","LEROUX","DENIS","agent d'exploitation","District 44","Tondeuses autoportées _ ACES","24/05/2032","Durable"
"Savenay","LEROUX","DENIS","agent d'exploitation","District 44","Tracteur >50 cv _ ACES","24/05/2032","Durable"
"Savenay","LEROUX","DENIS","agent d'exploitation","District 44","tracteurs >50cv avec super-épareuse _ ACES engin de chantier","24/05/2032","Durable"
"Savenay","LEROUX","DENIS","agent d'exploitation","District 44","Gerbeur _ ACES","11/03/2030","Durable"
"Savenay","LEROUX","DENIS","agent d'exploitation","District 44","Grues auxiliaires _ ACES","08/04/2027","Moins d'1 an"
"Savenay","LEROUX","DENIS","agent d'exploitation","District 44",NA,NA,NA
"Savenay","LESCOP","DAVID","agent d'exploitation","District 44","Engins de service hivernal _ ACES","10/11/2033","Durable"
"Savenay","LESCOP","DAVID","agent d'exploitation","District 44","Bennes amovibles _ ACES","19/03/2034","Durable"
"Savenay","LESCOP","DAVID","agent d'exploitation","District 44","Chargeuses, chargeuses-pelleteuses _ ACES","24/05/2032","Durable"
"Savenay","LESCOP","DAVID","agent d'exploitation","District 44","Tronçonnage","13/02/2031","Durable"
"Savenay","LESCOP","DAVID","agent d'exploitation","District 44","QUAPODES","14/03/2030","Durable"
"Savenay","LESCOP","DAVID","agent d'exploitation","District 44","MTS _ Module théorique de Sécurité","22/11/2029","Durable"
"Savenay","LESCOP","DAVID","agent d'exploitation","District 44","AIPR Opérateur","28/10/2030","Durable"
"Savenay","LESCOP","DAVID","agent d'exploitation","District 44","Tondeuses autoportées _ ACES","24/05/2032","Durable"
"Savenay","LESCOP","DAVID","agent d'exploitation","District 44","Tracteur >50 cv _ ACES","24/05/2032","Durable"
"Savenay","LESCOP","DAVID","agent d'exploitation","District 44","tracteurs >50cv avec super-épareuse _ ACES engin de chantier","24/05/2032","Durable"
"Savenay","LESCOP","DAVID","agent d'exploitation","District 44","Grues auxiliaires _ ACES","19/03/2029","Durable"
"Savenay","LESCOP","DAVID","agent d'exploitation","District 44",NA,NA,NA
"Savenay","LIBEAU","PHILIPPE","responsable d'explo","District 44","Engins de service hivernal _ ACES","12/12/2029","Durable"
"Savenay","LIBEAU","PHILIPPE","responsable d'explo","District 44","Bennes amovibles _ ACES","05/04/2034","Durable"
"Savenay","LIBEAU","PHILIPPE","responsable d'explo","District 44","QUAPODES","14/03/2030","Durable"
"Savenay","LIBEAU","PHILIPPE","responsable d'explo","District 44","MTS _ Module théorique de Sécurité","06/12/2029","Durable"
"Savenay","LIBEAU","PHILIPPE","responsable d'explo","District 44","AIPR - Encadrant","Compétence exigée","Non renseignée"
"Savenay","LIBEAU","PHILIPPE","responsable d'explo","District 44","Gerbeur _ ACES","11/03/2030","Durable"
"Savenay","LIBEAU","PHILIPPE","responsable d'explo","District 44","Grues auxiliaires _ ACES","05/04/2029","Durable"
"Savenay","LIBEAU","PHILIPPE","responsable d'explo","District 44",NA,NA,NA
"Savenay","MOCHER","FABIEN","agent d'exploitation","District 44","Engins de service hivernal _ ACES","10/11/2033","Durable"
"Savenay","MOCHER","FABIEN","agent d'exploitation","District 44","Bennes amovibles _ ACES","10/02/2036","Durable"
"Savenay","MOCHER","FABIEN","agent d'exploitation","District 44","QUAPODES","06/12/2028","Durable"
"Savenay","MOCHER","FABIEN","agent d'exploitation","District 44","MTS _ Module théorique de Sécurité","22/11/2029","Durable"
"Savenay","MOCHER","FABIEN","agent d'exploitation","District 44","AIPR Opérateur","Compétence exigée","Non renseignée"
"Savenay","MOCHER","FABIEN","agent d'exploitation","District 44"," 100CV"">Tracteur >100CV _ ACES","19/04/2034","Durable"
"Savenay","MOCHER","FABIEN","agent d'exploitation","District 44",NA,NA,NA
"Savenay","MORIN","ERIC","agent d'exploitation","District 44",NA,NA,NA
"Savenay","MORIN","ERIC1",NA,"District 44","Engins de service hivernal _ ACES","20/12/2029","Durable"
"Savenay","MORIN","ERIC1",NA,"District 44","Bennes amovibles _ ACES","19/03/2034","Durable"
"Savenay","MORIN","ERIC1",NA,"District 44","Chargeuses, chargeuses-pelleteuses _ ACES","24/05/2032","Durable"
"Savenay","MORIN","ERIC1",NA,"District 44","Porte-engins _ ACES","13/04/2031","Durable"
"Savenay","MORIN","ERIC1",NA,"District 44","Tronçonnage","12/12/2030","Durable"
"Savenay","MORIN","ERIC1",NA,"District 44","QUAPODES","Compétence exigée","Non renseignée"
"Savenay","MORIN","ERIC1",NA,"District 44","MTS _ Module théorique de Sécurité","06/12/2029","Durable"
"Savenay","MORIN","ERIC1",NA,"District 44","AIPR Opérateur","Compétence exigée","Non renseignée"
"Savenay","MORIN","ERIC1",NA,"District 44","Tondeuses autoportées _ ACES","24/05/2032","Durable"
"Savenay","MORIN","ERIC1",NA,"District 44","Tracteur >50 cv _ ACES","24/05/2032","Durable"
"Savenay","MORIN","ERIC1",NA,"District 44","tracteurs >50cv avec super-épareuse _ ACES engin de chantier","24/05/2032","Durable"
"Savenay","MORIN","ERIC1",NA,"District 44","Grues auxiliaires _ ACES","19/03/2029","Durable"
"Savenay","MOYON","JESSY","agent d'exploitation","District 44","Bennes amovibles _ ACES","08/04/2032","Durable"
"Savenay","MOYON","JESSY","agent d'exploitation","District 44","Tronçonnage","06/02/2031","Durable"
"Savenay","MOYON","JESSY","agent d'exploitation","District 44","QUAPODES","Compétence exigée","Non renseignée"
"Savenay","MOYON","JESSY","agent d'exploitation","District 44","MTS _ Module théorique de Sécurité","22/11/2029","Durable"
"Savenay","MOYON","JESSY","agent d'exploitation","District 44","AIPR Opérateur","Compétence exigée","Non renseignée"
"Savenay","MOYON","JESSY","agent d'exploitation","District 44","tracteurs >50cv avec super-épareuse _ ACES engin de chantier","11/12/2030","Durable"
"Savenay","MOYON","JESSY","agent d'exploitation","District 44","Grues auxiliaires _ ACES","08/04/2027","Moins d'1 an"
"Savenay","MOYON","JESSY","agent d'exploitation","District 44",NA,NA,NA
"Savenay","PEROCHEAU","QUENTIN","agent d'exploitation","District 44","Engins de service hivernal _ ACES","06/11/2035","Durable"
"Savenay","PEROCHEAU","QUENTIN","agent d'exploitation","District 44","Bennes amovibles _ ACES","05/04/2034","Durable"
"Savenay","PEROCHEAU","QUENTIN","agent d'exploitation","District 44","QUAPODES","04/10/2027","Durable"
"Savenay","PEROCHEAU","QUENTIN","agent d'exploitation","District 44","MTS _ Module théorique de Sécurité","06/12/2029","Durable"
"Savenay","PEROCHEAU","QUENTIN","agent d'exploitation","District 44","AIPR Opérateur","Compétence exigée","Non renseignée"
"Savenay","PEROCHEAU","QUENTIN","agent d'exploitation","District 44"," 100CV"">Tracteur >100CV _ ACES","19/04/2034","Durable"
"Savenay","PEROCHEAU","QUENTIN","agent d'exploitation","District 44","Grues auxiliaires _ ACES","05/04/2029","Durable"
"Savenay","PEROCHEAU","QUENTIN","agent d'exploitation","District 44",NA,NA,NA
"Savenay","PIGAL","PIERRICK","agent d'exploitation","District 44","Engins de service hivernal _ ACES","10/11/2033","Durable"
"Savenay","PIGAL","PIERRICK","agent d'exploitation","District 44","Bennes amovibles _ ACES","19/03/2034","Durable"
"Savenay","PIGAL","PIERRICK","agent d'exploitation","District 44","QUAPODES","06/12/2028","Durable"
"Savenay","PIGAL","PIERRICK","agent d'exploitation","District 44","MTS _ Module théorique de Sécurité","22/11/2029","Durable"
"Savenay","PIGAL","PIERRICK","agent d'exploitation","District 44","AIPR Opérateur","Compétence exigée","Non renseignée"
"Savenay","PIGAL","PIERRICK","agent d'exploitation","District 44"," 100CV"">Tracteur >100CV _ ACES","19/04/2034","Durable"
"Savenay","PIGAL","PIERRICK","agent d'exploitation","District 44","Grues auxiliaires _ ACES","19/03/2029","Durable"
"Savenay","PIGAL","PIERRICK","agent d'exploitation","District 44",NA,NA,NA
"Savenay","PILOQUET","LOIC","agent d'exploitation","District 44","Bennes amovibles _ ACES","10/02/2036","Durable"
"Savenay","PILOQUET","LOIC","agent d'exploitation","District 44","Chargeuses, chargeuses-pelleteuses _ ACES","24/05/2032","Durable"
"Savenay","PILOQUET","LOIC","agent d'exploitation","District 44","Tronçonnage","13/02/2031","Durable"
"Savenay","PILOQUET","LOIC","agent d'exploitation","District 44","QUAPODES","14/03/2030","Durable"
"Savenay","PILOQUET","LOIC","agent d'exploitation","District 44","MTS _ Module théorique de Sécurité","06/12/2029","Durable"
"Savenay","PILOQUET","LOIC","agent d'exploitation","District 44","AIPR Opérateur","Compétence exigée","Non renseignée"
"Savenay","PILOQUET","LOIC","agent d'exploitation","District 44","Tondeuses autoportées _ ACES","24/05/2032","Durable"
"Savenay","PILOQUET","LOIC","agent d'exploitation","District 44","Tracteur >50 cv _ ACES","24/05/2032","Durable"
"Savenay","PILOQUET","LOIC","agent d'exploitation","District 44","tracteurs >50cv avec super-épareuse _ ACES engin de chantier","24/05/2032","Durable"
"Savenay","PILOQUET","LOIC","agent d'exploitation","District 44","Gerbeur _ ACES","11/03/2030","Durable"
"Savenay","PILOQUET","LOIC","agent d'exploitation","District 44",NA,NA,NA
"Savenay","PINARD","SEBASTIEN","chef equipe b","District 44","Engins de service hivernal _ ACES","20/12/2029","Durable"
"Savenay","PINARD","SEBASTIEN","chef equipe b","District 44","Bennes amovibles _ ACES","05/04/2034","Durable"
"Savenay","PINARD","SEBASTIEN","chef equipe b","District 44","Chargeuses, chargeuses-pelleteuses _ ACES","24/05/2032","Durable"
"Savenay","PINARD","SEBASTIEN","chef equipe b","District 44","Tronçonnage","13/02/2031","Durable"
"Savenay","PINARD","SEBASTIEN","chef equipe b","District 44","QUAPODES","14/03/2030","Durable"
"Savenay","PINARD","SEBASTIEN","chef equipe b","District 44","MTS _ Module théorique de Sécurité","06/12/2029","Durable"
"Savenay","PINARD","SEBASTIEN","chef equipe b","District 44","AIPR - Encadrant","Compétence exigée","Non renseignée"
"Savenay","PINARD","SEBASTIEN","chef equipe b","District 44","Tondeuses autoportées _ ACES","24/05/2032","Durable"
"Savenay","PINARD","SEBASTIEN","chef equipe b","District 44","Tracteur >50 cv _ ACES","24/05/2032","Durable"
"Savenay","PINARD","SEBASTIEN","chef equipe b","District 44","tracteurs >50cv avec super-épareuse _ ACES engin de chantier","24/05/2032","Durable"
"Savenay","PINARD","SEBASTIEN","chef equipe b","District 44","Grues auxiliaires _ ACES","05/04/2029","Durable"
"Savenay","PINARD","SEBASTIEN","chef equipe b","District 44",NA,NA,NA
"Savenay","SALLIOT","YANNICK","agent d'exploitation","District 44","Engins de service hivernal _ ACES","06/01/2032","Durable"
"Savenay","SALLIOT","YANNICK","agent d'exploitation","District 44","Bennes amovibles _ ACES","05/04/2034","Durable"
"Savenay","SALLIOT","YANNICK","agent d'exploitation","District 44","Chargeuses, chargeuses-pelleteuses _ ACES","24/05/2032","Durable"
"Savenay","SALLIOT","YANNICK","agent d'exploitation","District 44","Tronçonnage","18/02/2027","Moins de 6 mois"
"Savenay","SALLIOT","YANNICK","agent d'exploitation","District 44","QUAPODES","15/06/2027","Moins d'1 an"
"Savenay","SALLIOT","YANNICK","agent d'exploitation","District 44","MTS _ Module théorique de Sécurité","22/11/2029","Durable"
"Savenay","SALLIOT","YANNICK","agent d'exploitation","District 44","AIPR Opérateur","28/10/2030","Durable"
"Savenay","SALLIOT","YANNICK","agent d'exploitation","District 44","Tondeuses autoportées _ ACES","24/05/2032","Durable"
"Savenay","SALLIOT","YANNICK","agent d'exploitation","District 44","Tracteur >50 cv _ ACES","24/05/2032","Durable"
"Savenay","SALLIOT","YANNICK","agent d'exploitation","District 44","tracteurs >50cv avec super-épareuse _ ACES engin de chantier","24/05/2032","Durable"
"Savenay","SALLIOT","YANNICK","agent d'exploitation","District 44","Gerbeur _ ACES","11/03/2030","Durable"
"Savenay","SALLIOT","YANNICK","agent d'exploitation","District 44","Grues auxiliaires _ ACES","05/04/2029","Durable"
"Savenay","SALLIOT","YANNICK","agent d'exploitation","District 44",NA,NA,NA
"Savenay","SIMON","PASCAL","responsable de cei","District 44","QUAPODES","03/07/2030","Durable"
"Savenay","SIMON","PASCAL","responsable de cei","District 44","AIPR - Encadrant","Compétence exigée","Non renseignée"
"Savenay","SIMON","PASCAL","responsable de cei","District 44",NA,NA,NA
"Savenay","THOMAS","FRANCK","chef equipe a","District 44","Engins de service hivernal _ ACES","12/12/2029","Durable"
"Savenay","THOMAS","FRANCK","chef equipe a","District 44","Bennes amovibles _ ACES","19/03/2034","Durable"
"Savenay","THOMAS","FRANCK","chef equipe a","District 44","Tronçonnage","06/02/2031","Durable"
"Savenay","THOMAS","FRANCK","chef equipe a","District 44","QUAPODES recyclage","10/06/2031","Durable"
"Savenay","THOMAS","FRANCK","chef equipe a","District 44","MTS _ Module théorique de Sécurité","06/12/2029","Durable"
"Savenay","THOMAS","FRANCK","chef equipe a","District 44","AIPR - Encadrant","Compétence exigée","Non renseignée"
"Savenay","THOMAS","FRANCK","chef equipe a","District 44","Grues auxiliaires _ ACES","19/03/2029","Durable"
"Savenay","THOMAS","FRANCK","chef equipe a","District 44",NA,NA,NA
"Savenay","TREHIN","ARNAUD","agent d'exploitation","District 44","Engins de service hivernal _ ACES","31/01/2029","Durable"
"Savenay","TREHIN","ARNAUD","agent d'exploitation","District 44","Bennes amovibles _ ACES","19/03/2034","Durable"
"Savenay","TREHIN","ARNAUD","agent d'exploitation","District 44","Tronçonnage","13/02/2031","Durable"
"Savenay","TREHIN","ARNAUD","agent d'exploitation","District 44","QUAPODES recyclage","10/06/2031","Durable"
"Savenay","TREHIN","ARNAUD","agent d'exploitation","District 44","MTS _ Module théorique de Sécurité","22/11/2029","Durable"
"Savenay","TREHIN","ARNAUD","agent d'exploitation","District 44","AIPR Opérateur","Compétence exigée","Non renseignée"
"Savenay","TREHIN","ARNAUD","agent d'exploitation","District 44","tracteurs >50cv avec super-épareuse _ ACES engin de chantier","11/12/2030","Durable"
"Savenay","TREHIN","ARNAUD","agent d'exploitation","District 44","Mini-pelles _ ACES","19/05/2031","Durable"
"Savenay","TREHIN","ARNAUD","agent d'exploitation","District 44","Gerbeur _ ACES","07/09/2027","Durable"
"Savenay","TREHIN","ARNAUD","agent d'exploitation","District 44","Grues auxiliaires _ ACES","19/03/2029","Durable"
"Savenay","TREHIN","ARNAUD","agent d'exploitation","District 44",NA,NA,NA
